CURSO,COD_EVASAO,PERIODO,CODIGO,DEPARTAMENTO,MEDIA,SITUACAO,MATRICULA,PERIODO_INGRESSO
11124100,1,2010.2,1107131,UNID. ACAD. DE ENGENHARIA QUÍMICA,7.2,Aprovado,305161226,2010.2
11124100,1,2010.2,1109050,UNID. ACAD. DE MATEMÁTICA,5.9,Aprovado,305161226,2010.2
11124100,1,2010.2,1109035,UNID. ACAD. DE MATEMÁTICA,6.1,Aprovado,305161226,2010.2
11124100,0,2009.2,1105167,UNID. ACAD. DE ENGENHARIA MECÂNICA,7.3,Aprovado,302160860,2009.2
11124100,0,2009.2,1105019,UNID. ACAD. DE ENGENHARIA MECÂNICA,6.5,Aprovado,302160860,2009.2
11124100,0,2009.2,1114052,UNID. ACAD. DE ESTATÍSTICA,7.7,Aprovado,302160860,2009.2
11124100,0,2009.2,1105020,UNID. ACAD. DE ENGENHARIA MECÂNICA,5.9,Aprovado,302160860,2009.2
11124100,0,2009.2,1105183,UNID. ACAD. DE ENGENHARIA MECÂNICA,6,Aprovado,302160860,2009.2
11124100,0,2009.2,1113022,UNID. ACAD. DE ENGENHARIA DE PRODUÇÃO,9.7,Aprovado,302160860,2009.2
11124100,0,2006.1,1305036,UNID. ACAD. DE SOCIOLOGIA E ANTROPOLOGIA,8.5,Aprovado,292861733,2006.1
11124100,0,2006.1,1107131,UNID. ACAD. DE ENGENHARIA QUÍMICA,9.6,Aprovado,292861733,2006.1
11124100,0,2006.1,1105155,UNID. ACAD. DE ENGENHARIA DE PRODUÇÃO,8.1,Aprovado,292861733,2006.1
11124100,0,2006.1,1503070,UNID. ACAD. DE ENGENHARIA CIVIL,5.5,Aprovado,292861733,2006.1
11124100,0,2006.1,1109035,UNID. ACAD. DE MATEMÁTICA,5.7,Aprovado,292861733,2006.1
11124100,0,2006.1,1411001,UNID. ACAD. DE SISTEMAS E COMPUTAÇÃO,7.6,Aprovado,292861733,2006.1
11124100,0,2006.1,1109050,UNID. ACAD. DE MATEMÁTICA,5.5,Aprovado,292861733,2006.1
11124100,0,2006.1,1109035,UNID. ACAD. DE MATEMÁTICA,1.7,Reprovado,292861739,2006.1
11124100,0,2006.1,1503070,UNID. ACAD. DE ENGENHARIA CIVIL,7.6,Aprovado,292861739,2006.1
11124100,0,2006.1,1105155,UNID. ACAD. DE ENGENHARIA DE PRODUÇÃO,6.2,Aprovado,292861739,2006.1
11124100,0,2006.1,1105301,UNID. ACAD. DE ENGENHARIA MECÂNICA,7.3,Aprovado,292861739,2006.1
11124100,0,2006.1,1305033,UNID. ACAD. DE SOCIOLOGIA E ANTROPOLOGIA,7.7,Aprovado,292861739,2006.1
11124100,0,2006.1,1305036,UNID. ACAD. DE SOCIOLOGIA E ANTROPOLOGIA,9,Aprovado,292861739,2006.1
11124100,0,2006.1,1109050,UNID. ACAD. DE MATEMÁTICA,0.5,Reprovado,292861739,2006.1
11124100,0,2009.1,1105314,UNID. ACAD. DE ENGENHARIA MECÂNICA,9.1,Aprovado,301861673,2009.1
11124100,0,2009.1,1404026,UNID. ACAD. DE ENGENHARIA ELÉTRICA,8,Aprovado,301861673,2009.1
11124100,0,2009.1,1105161,UNID. ACAD. DE ENGENHARIA MECÂNICA,7.7,Aprovado,301861673,2009.1
11124100,0,2009.1,1114052,UNID. ACAD. DE ESTATÍSTICA,6.3,Aprovado,301861673,2009.1
11124100,0,2009.1,1105159,UNID. ACAD. DE ENGENHARIA MECÂNICA,7.8,Aprovado,301861673,2009.1
11124100,0,2009.1,1105164,UNID. ACAD. DE ENGENHARIA MECÂNICA,7,Aprovado,301861673,2009.1
11124100,0,2011.1,1105183,UNID. ACAD. DE ENGENHARIA MECÂNICA,7.5,Aprovado,307861778,2011.1
11124100,0,2011.1,1105019,UNID. ACAD. DE ENGENHARIA MECÂNICA,5.2,Aprovado,307861778,2011.1
11124100,0,2011.1,1105021,UNID. ACAD. DE ENGENHARIA MECÂNICA,5.8,Aprovado,307861778,2011.1
11124100,0,2011.1,1105167,UNID. ACAD. DE ENGENHARIA MECÂNICA,7.3,Aprovado,307861778,2011.1
11124100,0,2008.1,1305033,UNID. ACAD. DE SOCIOLOGIA E ANTROPOLOGIA,0,Reprovado por Falta,298860983,2008.1
11124100,0,2008.1,1105301,UNID. ACAD. DE ENGENHARIA MECÂNICA,9,Aprovado,298860983,2008.1
11124100,0,2008.1,1108029,UNID. ACAD. DE FÍSICA,0,Reprovado por Falta,298860983,2008.1
11124100,0,2008.1,1108024,UNID. ACAD. DE FÍSICA,0,Reprovado por Falta,298860983,2008.1
11124100,0,2008.1,1108025,UNID. ACAD. DE FÍSICA,4.5,Reprovado,298860983,2008.1
11124100,0,2008.1,1109010,UNID. ACAD. DE MATEMÁTICA,7.4,Aprovado,298860983,2008.1
11124100,0,2008.1,1105155,UNID. ACAD. DE ENGENHARIA DE PRODUÇÃO,0,Reprovado por Falta,298860983,2008.1
11124100,0,2009.2,1105162,UNID. ACAD. DE ENGENHARIA MECÂNICA,7,Aprovado,302160962,2009.2
11124100,0,2009.2,1105164,UNID. ACAD. DE ENGENHARIA MECÂNICA,5,Aprovado,302160962,2009.2
11124100,0,2009.2,1113015,UNID. ACAD. DE ENGENHARIA DE PRODUÇÃO,10,Aprovado,302160962,2009.2
11124100,0,2009.2,1105161,UNID. ACAD. DE ENGENHARIA MECÂNICA,7.2,Aprovado,302160962,2009.2
11124100,0,2009.2,1108025,UNID. ACAD. DE FÍSICA,7.5,Aprovado,302160962,2009.2
11124100,0,2009.2,1108024,UNID. ACAD. DE FÍSICA,7.7,Aprovado,302160962,2009.2
11124100,0,2008.2,1305036,UNID. ACAD. DE SOCIOLOGIA E ANTROPOLOGIA,5.7,Aprovado,299161208,2008.2
11124100,0,2008.2,1105301,UNID. ACAD. DE ENGENHARIA MECÂNICA,8.8,Aprovado,299161208,2008.2
11124100,0,2008.2,1105155,UNID. ACAD. DE ENGENHARIA DE PRODUÇÃO,7.1,Aprovado,299161208,2008.2
11124100,0,2008.2,1109050,UNID. ACAD. DE MATEMÁTICA,0,Reprovado por Falta,299161208,2008.2
11124100,0,2008.2,1305033,UNID. ACAD. DE SOCIOLOGIA E ANTROPOLOGIA,0,Reprovado por Falta,299161208,2008.2
11124100,0,2008.2,1109035,UNID. ACAD. DE MATEMÁTICA,0.2,Reprovado,299161208,2008.2
11124100,0,2008.2,1503070,UNID. ACAD. DE ENGENHARIA CIVIL,0,Reprovado por Falta,299161208,2008.2
11124100,0,2009.1,1105301,UNID. ACAD. DE ENGENHARIA MECÂNICA,9.5,Aprovado,301862726,2009.1
11124100,0,2009.1,1105155,UNID. ACAD. DE ENGENHARIA DE PRODUÇÃO,9.5,Aprovado,301862726,2009.1
11124100,0,2009.1,1305033,UNID. ACAD. DE SOCIOLOGIA E ANTROPOLOGIA,9.7,Aprovado,301862726,2009.1
11124100,0,2009.1,1109035,UNID. ACAD. DE MATEMÁTICA,7.6,Aprovado,301862726,2009.1
11124100,0,2009.1,1305036,UNID. ACAD. DE SOCIOLOGIA E ANTROPOLOGIA,8.2,Aprovado,301862726,2009.1
11124100,0,2009.1,1303021,UNID. ACAD. DE ECONOMIA E FINANCAS,9.6,Aprovado,301862726,2009.1
11124100,0,2009.1,1107131,UNID. ACAD. DE ENGENHARIA QUÍMICA,7.4,Aprovado,301862726,2009.1
11124100,0,2006.1,1105155,UNID. ACAD. DE ENGENHARIA DE PRODUÇÃO,0,Reprovado por Falta,292861778,2006.1
11124100,0,2006.1,1305033,UNID. ACAD. DE SOCIOLOGIA E ANTROPOLOGIA,0,Reprovado por Falta,292861778,2006.1
11124100,0,2006.1,1109035,UNID. ACAD. DE MATEMÁTICA,0,Reprovado por Falta,292861778,2006.1
11124100,0,2006.1,1109050,UNID. ACAD. DE MATEMÁTICA,0,Reprovado por Falta,292861778,2006.1
11124100,0,2006.1,1503070,UNID. ACAD. DE ENGENHARIA CIVIL,0,Reprovado por Falta,292861778,2006.1
11124100,0,2006.1,1105301,UNID. ACAD. DE ENGENHARIA MECÂNICA,0,Reprovado por Falta,292861778,2006.1
11124100,0,2006.1,1305036,UNID. ACAD. DE SOCIOLOGIA E ANTROPOLOGIA,0,Reprovado por Falta,292861778,2006.1
11124100,0,2007.2,1503070,UNID. ACAD. DE ENGENHARIA CIVIL,4.1,Reprovado,296161055,2007.2
11124100,0,2007.2,1109035,UNID. ACAD. DE MATEMÁTICA,2.9,Reprovado,296161055,2007.2
11124100,0,2007.2,1109050,UNID. ACAD. DE MATEMÁTICA,2,Reprovado,296161055,2007.2
11124100,0,2007.2,1305036,UNID. ACAD. DE SOCIOLOGIA E ANTROPOLOGIA,7,Aprovado,296161055,2007.2
11124100,0,2007.2,1305033,UNID. ACAD. DE SOCIOLOGIA E ANTROPOLOGIA,7.5,Aprovado,296161055,2007.2
11124100,0,2007.2,1105155,UNID. ACAD. DE ENGENHARIA DE PRODUÇÃO,9.2,Aprovado,296161055,2007.2
11124100,0,2007.2,1105301,UNID. ACAD. DE ENGENHARIA MECÂNICA,7.8,Aprovado,296161055,2007.2
11124100,0,2008.2,1305033,UNID. ACAD. DE SOCIOLOGIA E ANTROPOLOGIA,9,Aprovado,299160956,2008.2
11124100,0,2008.2,1109035,UNID. ACAD. DE MATEMÁTICA,7.4,Aprovado,299160956,2008.2
11124100,0,2008.2,1503070,UNID. ACAD. DE ENGENHARIA CIVIL,5,Aprovado,299160956,2008.2
11124100,0,2008.2,1105155,UNID. ACAD. DE ENGENHARIA DE PRODUÇÃO,9,Aprovado,299160956,2008.2
11124100,0,2008.2,1109050,UNID. ACAD. DE MATEMÁTICA,9.4,Aprovado,299160956,2008.2
11124100,0,2008.2,1105301,UNID. ACAD. DE ENGENHARIA MECÂNICA,8.3,Aprovado,299160956,2008.2
11124100,0,2011.1,1503070,UNID. ACAD. DE ENGENHARIA CIVIL,7.6,Aprovado,307861811,2011.1
11124100,0,2011.1,1108024,UNID. ACAD. DE FÍSICA,7.1,Aprovado,307861811,2011.1
11124100,0,2011.1,1105188,UNID. ACAD. DE ENGENHARIA MECÂNICA,7,Aprovado,307861811,2011.1
11124100,0,2011.1,1108025,UNID. ACAD. DE FÍSICA,3.7,Reprovado,307861811,2011.1
11124100,0,2011.1,1105021,UNID. ACAD. DE ENGENHARIA MECÂNICA,6.2,Aprovado,307861811,2011.1
11124100,0,2011.1,1105186,UNID. ACAD. DE ENGENHARIA MECÂNICA,7.7,Aprovado,307861811,2011.1
11124100,0,2011.1,1105025,UNID. ACAD. DE ENGENHARIA MECÂNICA,8,Aprovado,307861811,2011.1
11124100,0,2007.1,1503070,UNID. ACAD. DE ENGENHARIA CIVIL,7.2,Aprovado,295861880,2007.1
11124100,0,2007.1,1305036,UNID. ACAD. DE SOCIOLOGIA E ANTROPOLOGIA,9.8,Aprovado,295861880,2007.1
11124100,0,2007.1,1107131,UNID. ACAD. DE ENGENHARIA QUÍMICA,8.7,Aprovado,295861880,2007.1
11124100,0,2007.1,1105155,UNID. ACAD. DE ENGENHARIA DE PRODUÇÃO,10,Aprovado,295861880,2007.1
11124100,0,2007.1,1305033,UNID. ACAD. DE SOCIOLOGIA E ANTROPOLOGIA,8.5,Aprovado,295861880,2007.1
11124100,0,2008.1,1105155,UNID. ACAD. DE ENGENHARIA DE PRODUÇÃO,9.8,Aprovado,298860971,2008.1
11124100,0,2008.1,1305033,UNID. ACAD. DE SOCIOLOGIA E ANTROPOLOGIA,8.5,Aprovado,298860971,2008.1
11124100,0,2008.1,1109035,UNID. ACAD. DE MATEMÁTICA,8.7,Aprovado,298860971,2008.1
11124100,0,2008.1,1411001,UNID. ACAD. DE SISTEMAS E COMPUTAÇÃO,8.5,Aprovado,298860971,2008.1
11124100,0,2008.1,1109050,UNID. ACAD. DE MATEMÁTICA,8.3,Aprovado,298860971,2008.1
11124100,0,2008.1,1105301,UNID. ACAD. DE ENGENHARIA MECÂNICA,10,Aprovado,298860971,2008.1
11124100,0,2006.2,1105155,UNID. ACAD. DE ENGENHARIA DE PRODUÇÃO,8.3,Aprovado,293162171,2006.2
11124100,0,2006.2,1305036,UNID. ACAD. DE SOCIOLOGIA E ANTROPOLOGIA,7.8,Aprovado,293162171,2006.2
11124100,0,2006.2,1305033,UNID. ACAD. DE SOCIOLOGIA E ANTROPOLOGIA,8.5,Aprovado,293162171,2006.2
11124100,0,2006.2,1109050,UNID. ACAD. DE MATEMÁTICA,5.9,Aprovado,293162171,2006.2
11124100,0,2006.2,1109035,UNID. ACAD. DE MATEMÁTICA,6.9,Aprovado,293162171,2006.2
11124100,0,2006.2,1503070,UNID. ACAD. DE ENGENHARIA CIVIL,5,Aprovado,293162171,2006.2
11124100,0,2006.2,1105301,UNID. ACAD. DE ENGENHARIA MECÂNICA,9,Aprovado,293162171,2006.2
11124100,0,2006.2,1105185,UNID. ACAD. DE ENGENHARIA MECÂNICA,7.3,Aprovado,293161823,2006.2
11124100,0,2006.2,1105202,UNID. ACAD. DE ENGENHARIA MECÂNICA,9,Aprovado,293161823,2006.2
11124100,0,2006.2,1105188,UNID. ACAD. DE ENGENHARIA MECÂNICA,8.2,Aprovado,293161823,2006.2
11124100,0,2006.2,1503070,UNID. ACAD. DE ENGENHARIA CIVIL,7.5,Aprovado,293161823,2006.2
11124100,0,2006.2,1105186,UNID. ACAD. DE ENGENHARIA MECÂNICA,1.1,Reprovado,293161823,2006.2
11124100,0,2006.2,1105021,UNID. ACAD. DE ENGENHARIA MECÂNICA,8,Aprovado,293161823,2006.2
11124100,0,2006.2,1105189,UNID. ACAD. DE ENGENHARIA MECÂNICA,8,Aprovado,293161823,2006.2
11124100,0,2009.1,1105161,UNID. ACAD. DE ENGENHARIA MECÂNICA,6,Aprovado,301862951,2009.1
11124100,0,2009.1,1105020,UNID. ACAD. DE ENGENHARIA MECÂNICA,3.3,Reprovado,301862951,2009.1
11124100,0,2009.1,1303021,UNID. ACAD. DE ECONOMIA E FINANCAS,7.7,Aprovado,301862951,2009.1
11124100,0,2009.1,1105159,UNID. ACAD. DE ENGENHARIA MECÂNICA,3.5,Reprovado,301862951,2009.1
11124100,0,2007.2,1305036,UNID. ACAD. DE SOCIOLOGIA E ANTROPOLOGIA,8.7,Aprovado,296160785,2007.2
11124100,0,2007.2,1105155,UNID. ACAD. DE ENGENHARIA DE PRODUÇÃO,0,Reprovado por Falta,296160785,2007.2
11124100,0,2007.2,1303021,UNID. ACAD. DE ECONOMIA E FINANCAS,0,Reprovado por Falta,296160785,2007.2
11124100,0,2007.2,1305033,UNID. ACAD. DE SOCIOLOGIA E ANTROPOLOGIA,7.5,Aprovado,296160785,2007.2
11124100,0,2007.2,1105301,UNID. ACAD. DE ENGENHARIA MECÂNICA,8.5,Aprovado,296160785,2007.2
11124100,0,2007.2,1109050,UNID. ACAD. DE MATEMÁTICA,4.1,Reprovado,296160785,2007.2
11124100,0,2006.2,1305036,UNID. ACAD. DE SOCIOLOGIA E ANTROPOLOGIA,8.3,Aprovado,293162114,2006.2
11124100,0,2006.2,1303021,UNID. ACAD. DE ECONOMIA E FINANCAS,7.5,Aprovado,293162114,2006.2
11124100,0,2006.2,1105167,UNID. ACAD. DE ENGENHARIA MECÂNICA,7.2,Aprovado,293162114,2006.2
11124100,0,2006.2,1105163,UNID. ACAD. DE ENGENHARIA MECÂNICA,7.8,Aprovado,293162114,2006.2
11124100,0,2006.2,1105020,UNID. ACAD. DE ENGENHARIA MECÂNICA,5.1,Aprovado,293162114,2006.2
11124100,0,2006.2,1105021,UNID. ACAD. DE ENGENHARIA MECÂNICA,7,Aprovado,293162114,2006.2
11124100,0,2006.2,1109050,UNID. ACAD. DE MATEMÁTICA,0,Reprovado por Falta,293162096,2006.2
11124100,0,2006.2,1105301,UNID. ACAD. DE ENGENHARIA MECÂNICA,7,Aprovado,293162096,2006.2
11124100,0,2006.2,1109035,UNID. ACAD. DE MATEMÁTICA,0,Reprovado por Falta,293162096,2006.2
11124100,0,2006.2,1305036,UNID. ACAD. DE SOCIOLOGIA E ANTROPOLOGIA,8.5,Aprovado,293162096,2006.2
11124100,0,2006.2,1305033,UNID. ACAD. DE SOCIOLOGIA E ANTROPOLOGIA,7.6,Aprovado,293162096,2006.2
11124100,0,2006.2,1105155,UNID. ACAD. DE ENGENHARIA DE PRODUÇÃO,0,Reprovado por Falta,293162096,2006.2
11124100,0,2010.2,1109053,UNID. ACAD. DE MATEMÁTICA,0,Reprovado por Falta,305161571,2010.2
11124100,0,2010.2,1305033,UNID. ACAD. DE SOCIOLOGIA E ANTROPOLOGIA,7.2,Aprovado,305161571,2010.2
11124100,0,2010.2,1109035,UNID. ACAD. DE MATEMÁTICA,7,Aprovado,305161571,2010.2
11124100,0,2010.2,1105155,UNID. ACAD. DE ENGENHARIA DE PRODUÇÃO,0,Reprovado por Falta,305161571,2010.2
11124100,0,2009.2,1105155,UNID. ACAD. DE ENGENHARIA DE PRODUÇÃO,9.3,Aprovado,302161508,2009.2
11124100,0,2009.2,1305036,UNID. ACAD. DE SOCIOLOGIA E ANTROPOLOGIA,9.2,Aprovado,302161508,2009.2
11124100,0,2009.2,1503070,UNID. ACAD. DE ENGENHARIA CIVIL,8.2,Aprovado,302161508,2009.2
11124100,0,2009.2,1109050,UNID. ACAD. DE MATEMÁTICA,6.6,Aprovado,302161508,2009.2
11124100,0,2009.2,1109035,UNID. ACAD. DE MATEMÁTICA,8.4,Aprovado,302161508,2009.2
11124100,0,2009.2,1305033,UNID. ACAD. DE SOCIOLOGIA E ANTROPOLOGIA,9,Aprovado,302161508,2009.2
11124100,0,2010.1,1105301,UNID. ACAD. DE ENGENHARIA MECÂNICA,8,Aprovado,304862870,2010.1
11124100,0,2010.1,1305033,UNID. ACAD. DE SOCIOLOGIA E ANTROPOLOGIA,8.7,Aprovado,304862870,2010.1
11124100,0,2010.1,1107131,UNID. ACAD. DE ENGENHARIA QUÍMICA,4,Reprovado,304862870,2010.1
11124100,0,2010.1,1305036,UNID. ACAD. DE SOCIOLOGIA E ANTROPOLOGIA,7.5,Aprovado,304862870,2010.1
11124100,0,2010.1,1109050,UNID. ACAD. DE MATEMÁTICA,3.8,Reprovado,304862870,2010.1
11124100,0,2010.1,1109035,UNID. ACAD. DE MATEMÁTICA,3.8,Reprovado,304862870,2010.1
11124100,0,2010.1,1105155,UNID. ACAD. DE ENGENHARIA DE PRODUÇÃO,9,Aprovado,304862870,2010.1
11124100,0,2006.1,1105319,UNID. ACAD. DE ENGENHARIA MECÂNICA,NA,Trancado,292861814,2006.1
11124100,0,2006.1,1307011,UNID. ACAD. DE LETRAS,0,Reprovado por Falta,292861814,2006.1
11124100,0,2006.1,1109035,UNID. ACAD. DE MATEMÁTICA,0,Reprovado por Falta,292861814,2006.1
11124100,0,2006.1,1109050,UNID. ACAD. DE MATEMÁTICA,0,Reprovado por Falta,292861814,2006.1
11124100,0,2010.1,1307011,UNID. ACAD. DE LETRAS,7,Aprovado,304861757,2010.1
11124100,0,2010.1,1411001,UNID. ACAD. DE SISTEMAS E COMPUTAÇÃO,5,Aprovado,304861757,2010.1
11124100,0,2007.2,1305036,UNID. ACAD. DE SOCIOLOGIA E ANTROPOLOGIA,9,Aprovado,296161112,2007.2
11124100,0,2007.2,1411001,UNID. ACAD. DE SISTEMAS E COMPUTAÇÃO,7.4,Aprovado,296161112,2007.2
11124100,0,2007.2,1109050,UNID. ACAD. DE MATEMÁTICA,5.8,Aprovado,296161112,2007.2
11124100,0,2007.2,1503070,UNID. ACAD. DE ENGENHARIA CIVIL,5,Aprovado,296161112,2007.2
11124100,0,2007.2,1107131,UNID. ACAD. DE ENGENHARIA QUÍMICA,7.7,Aprovado,296161112,2007.2
11124100,0,2007.2,1109035,UNID. ACAD. DE MATEMÁTICA,7.3,Aprovado,296161112,2007.2
11124100,0,2007.2,1105155,UNID. ACAD. DE ENGENHARIA DE PRODUÇÃO,10,Aprovado,296161112,2007.2
11124100,0,2006.1,1109035,UNID. ACAD. DE MATEMÁTICA,NA,Trancado,292862645,2006.1
11124100,0,2006.1,1105155,UNID. ACAD. DE ENGENHARIA DE PRODUÇÃO,3.2,Reprovado,292862645,2006.1
11124100,0,2006.1,1305033,UNID. ACAD. DE SOCIOLOGIA E ANTROPOLOGIA,7,Aprovado,292862645,2006.1
11124100,0,2006.1,1109050,UNID. ACAD. DE MATEMÁTICA,0,Reprovado por Falta,292862645,2006.1
11124100,0,2006.1,1105301,UNID. ACAD. DE ENGENHARIA MECÂNICA,7.8,Aprovado,292862645,2006.1
11124100,0,2006.1,1107131,UNID. ACAD. DE ENGENHARIA QUÍMICA,7.4,Aprovado,292862645,2006.1
11124100,0,2009.1,1108028,UNID. ACAD. DE FÍSICA,8.8,Aprovado,301860179,2009.1
11124100,0,2009.1,1105155,UNID. ACAD. DE ENGENHARIA DE PRODUÇÃO,9.9,Aprovado,301860179,2009.1
11124100,0,2009.1,1108031,UNID. ACAD. DE FÍSICA,7,Aprovado,301860179,2009.1
11124100,0,2009.1,1105301,UNID. ACAD. DE ENGENHARIA MECÂNICA,8.5,Aprovado,301860179,2009.1
11124100,0,2009.1,1303021,UNID. ACAD. DE ECONOMIA E FINANCAS,9.4,Aprovado,301860179,2009.1
11124100,0,2009.1,1305036,UNID. ACAD. DE SOCIOLOGIA E ANTROPOLOGIA,8.8,Aprovado,301860179,2009.1
11124100,0,2009.1,1105160,UNID. ACAD. DE ENGENHARIA MECÂNICA,8.2,Aprovado,301860179,2009.1
11124100,0,2007.1,1411001,UNID. ACAD. DE SISTEMAS E COMPUTAÇÃO,5,Aprovado,295860950,2007.1
11124100,0,2007.1,1105165,UNID. ACAD. DE ENGENHARIA MECÂNICA,5.1,Aprovado,295860950,2007.1
11124100,0,2007.1,1305033,UNID. ACAD. DE SOCIOLOGIA E ANTROPOLOGIA,8,Aprovado,295860950,2007.1
11124100,0,2007.1,1105159,UNID. ACAD. DE ENGENHARIA MECÂNICA,5,Aprovado,295860950,2007.1
11124100,0,2007.1,1108029,UNID. ACAD. DE FÍSICA,6.5,Aprovado,295860950,2007.1
11124100,0,2007.1,1109010,UNID. ACAD. DE MATEMÁTICA,NA,Trancado,295860950,2007.1
11124100,0,2009.1,1105183,UNID. ACAD. DE ENGENHARIA MECÂNICA,6.2,Aprovado,301861745,2009.1
11124100,0,2009.1,1105169,UNID. ACAD. DE ENGENHARIA MECÂNICA,6.5,Aprovado,301861745,2009.1
11124100,0,2009.1,1404026,UNID. ACAD. DE ENGENHARIA ELÉTRICA,7,Aprovado,301861745,2009.1
11124100,0,2010.2,1109050,UNID. ACAD. DE MATEMÁTICA,7.3,Aprovado,305161211,2010.2
11124100,0,2010.2,1109035,UNID. ACAD. DE MATEMÁTICA,7.4,Aprovado,305161211,2010.2
11124100,0,2010.2,1107131,UNID. ACAD. DE ENGENHARIA QUÍMICA,7.6,Aprovado,305161211,2010.2
11124100,0,2010.2,1105155,UNID. ACAD. DE ENGENHARIA DE PRODUÇÃO,9.7,Aprovado,305161211,2010.2
11124100,0,2010.2,1411001,UNID. ACAD. DE SISTEMAS E COMPUTAÇÃO,9.2,Aprovado,305161211,2010.2
11124100,0,2010.2,1305036,UNID. ACAD. DE SOCIOLOGIA E ANTROPOLOGIA,9.5,Aprovado,305161211,2010.2
11124100,0,2007.1,1105155,UNID. ACAD. DE ENGENHARIA DE PRODUÇÃO,9.2,Aprovado,295860884,2007.1
11124100,0,2007.1,1305033,UNID. ACAD. DE SOCIOLOGIA E ANTROPOLOGIA,8.5,Aprovado,295860884,2007.1
11124100,0,2007.1,1105301,UNID. ACAD. DE ENGENHARIA MECÂNICA,7.3,Aprovado,295860884,2007.1
11124100,0,2007.1,1305036,UNID. ACAD. DE SOCIOLOGIA E ANTROPOLOGIA,7.5,Aprovado,295860884,2007.1
11124100,0,2007.1,1109050,UNID. ACAD. DE MATEMÁTICA,10,Aprovado,295860884,2007.1
11124100,0,2007.1,1503070,UNID. ACAD. DE ENGENHARIA CIVIL,5.5,Aprovado,295860884,2007.1
11124100,0,2007.1,1109035,UNID. ACAD. DE MATEMÁTICA,9.4,Aprovado,295860884,2007.1
11124100,1,2009.2,1105183,UNID. ACAD. DE ENGENHARIA MECÂNICA,6.3,Aprovado,302161439,2009.2
11124100,1,2009.2,1105020,UNID. ACAD. DE ENGENHARIA MECÂNICA,5,Aprovado,302161439,2009.2
11124100,1,2009.2,1105013,UNID. ACAD. DE ENGENHARIA MECÂNICA,3.8,Reprovado,302161439,2009.2
11124100,1,2009.2,1105025,UNID. ACAD. DE ENGENHARIA MECÂNICA,5,Aprovado,302161439,2009.2
11124100,0,2006.1,1105155,UNID. ACAD. DE ENGENHARIA DE PRODUÇÃO,7.9,Aprovado,292861757,2006.1
11124100,0,2006.1,1411001,UNID. ACAD. DE SISTEMAS E COMPUTAÇÃO,7.5,Aprovado,292861757,2006.1
11124100,0,2006.1,1105301,UNID. ACAD. DE ENGENHARIA MECÂNICA,2.4,Reprovado,292861757,2006.1
11124100,0,2006.1,1303021,UNID. ACAD. DE ECONOMIA E FINANCAS,7.2,Aprovado,292861757,2006.1
11124100,0,2006.1,1503070,UNID. ACAD. DE ENGENHARIA CIVIL,NA,Trancado,292861757,2006.1
11124100,0,2006.1,1305036,UNID. ACAD. DE SOCIOLOGIA E ANTROPOLOGIA,0,Reprovado por Falta,292861757,2006.1
11124100,0,2009.1,1108025,UNID. ACAD. DE FÍSICA,4,Reprovado,301861670,2009.1
11124100,0,2009.1,1105159,UNID. ACAD. DE ENGENHARIA MECÂNICA,0,Reprovado por Falta,301861670,2009.1
11124100,0,2009.1,1108029,UNID. ACAD. DE FÍSICA,5.7,Aprovado,301861670,2009.1
11124100,0,2009.1,1108024,UNID. ACAD. DE FÍSICA,6.1,Aprovado,301861670,2009.1
11124100,0,2009.1,1109010,UNID. ACAD. DE MATEMÁTICA,5,Aprovado,301861670,2009.1
11124100,0,2009.1,1108030,UNID. ACAD. DE FÍSICA,8.2,Aprovado,301861670,2009.1
11124100,1,2008.2,1105189,UNID. ACAD. DE ENGENHARIA MECÂNICA,8,Aprovado,299160695,2008.2
11124100,1,2008.2,1105017,UNID. ACAD. DE ENGENHARIA MECÂNICA,0,Trancado,299160695,2008.2
11124100,1,2008.2,1114052,UNID. ACAD. DE ESTATÍSTICA,7,Aprovado,299160695,2008.2
11124100,1,2008.2,1105013,UNID. ACAD. DE ENGENHARIA MECÂNICA,7.5,Aprovado,299160695,2008.2
11124100,1,2008.2,1105202,UNID. ACAD. DE ENGENHARIA MECÂNICA,9,Aprovado,299160695,2008.2
11124100,1,2008.2,1105145,UNID. ACAD. DE ENGENHARIA MECÂNICA,8.5,Aprovado,299160695,2008.2
11124100,0,2006.2,1109050,UNID. ACAD. DE MATEMÁTICA,3.6,Reprovado,293162099,2006.2
11124100,0,2006.2,1105155,UNID. ACAD. DE ENGENHARIA DE PRODUÇÃO,6.8,Aprovado,293162099,2006.2
11124100,0,2006.2,1109035,UNID. ACAD. DE MATEMÁTICA,2.9,Reprovado,293162099,2006.2
11124100,0,2006.2,1503070,UNID. ACAD. DE ENGENHARIA CIVIL,7,Aprovado,293162099,2006.2
11124100,0,2006.2,1105301,UNID. ACAD. DE ENGENHARIA MECÂNICA,7,Aprovado,293162099,2006.2
11124100,0,2006.2,1305036,UNID. ACAD. DE SOCIOLOGIA E ANTROPOLOGIA,9,Aprovado,293162099,2006.2
11124100,0,2006.2,1305033,UNID. ACAD. DE SOCIOLOGIA E ANTROPOLOGIA,8.5,Aprovado,293162099,2006.2
11124100,0,2007.1,1109050,UNID. ACAD. DE MATEMÁTICA,7.9,Aprovado,295861772,2007.1
11124100,0,2007.1,1305033,UNID. ACAD. DE SOCIOLOGIA E ANTROPOLOGIA,9,Aprovado,295861772,2007.1
11124100,0,2007.1,1105155,UNID. ACAD. DE ENGENHARIA DE PRODUÇÃO,8.8,Aprovado,295861772,2007.1
11124100,0,2007.1,1109035,UNID. ACAD. DE MATEMÁTICA,8.2,Aprovado,295861772,2007.1
11124100,0,2007.1,1105301,UNID. ACAD. DE ENGENHARIA MECÂNICA,8,Aprovado,295861772,2007.1
11124100,0,2007.1,1305036,UNID. ACAD. DE SOCIOLOGIA E ANTROPOLOGIA,10,Aprovado,295861772,2007.1
11124100,0,2006.2,1305036,UNID. ACAD. DE SOCIOLOGIA E ANTROPOLOGIA,9,Aprovado,293161880,2006.2
11124100,0,2006.2,1109050,UNID. ACAD. DE MATEMÁTICA,7.5,Aprovado,293161880,2006.2
11124100,0,2006.2,1105155,UNID. ACAD. DE ENGENHARIA DE PRODUÇÃO,9.7,Aprovado,293161880,2006.2
11124100,0,2006.2,1503070,UNID. ACAD. DE ENGENHARIA CIVIL,8.7,Aprovado,293161880,2006.2
11124100,0,2006.2,1305033,UNID. ACAD. DE SOCIOLOGIA E ANTROPOLOGIA,8,Aprovado,293161880,2006.2
11124100,0,2006.2,1109035,UNID. ACAD. DE MATEMÁTICA,9.6,Aprovado,293161880,2006.2
11124100,0,2006.2,1105301,UNID. ACAD. DE ENGENHARIA MECÂNICA,9,Aprovado,293161880,2006.2
11124100,0,2008.2,1105017,UNID. ACAD. DE ENGENHARIA MECÂNICA,0,Reprovado por Falta,299160929,2008.2
11124100,0,2008.2,1108025,UNID. ACAD. DE FÍSICA,7,Aprovado,299160929,2008.2
11124100,0,2008.2,1105161,UNID. ACAD. DE ENGENHARIA MECÂNICA,6.7,Aprovado,299160929,2008.2
11124100,0,2008.2,1105162,UNID. ACAD. DE ENGENHARIA MECÂNICA,7.3,Aprovado,299160929,2008.2
11124100,0,2010.2,1107233,UNID. ACAD. DE ENGENHARIA QUÍMICA,7.6,Aprovado,305161232,2010.2
11124100,0,2010.2,1105166,UNID. ACAD. DE ENGENHARIA MECÂNICA,5.6,Aprovado,305161232,2010.2
11124100,0,2010.2,1105170,UNID. ACAD. DE ENGENHARIA MECÂNICA,6.1,Aprovado,305161232,2010.2
11124100,0,2010.2,1503048,UNID. ACAD. DE ENGENHARIA CIVIL,5.7,Aprovado,305161232,2010.2
11124100,0,2006.2,1109035,UNID. ACAD. DE MATEMÁTICA,1.8,Reprovado,293162123,2006.2
11124100,0,2006.2,1305036,UNID. ACAD. DE SOCIOLOGIA E ANTROPOLOGIA,8.2,Aprovado,293162123,2006.2
11124100,0,2006.2,1305033,UNID. ACAD. DE SOCIOLOGIA E ANTROPOLOGIA,7.8,Aprovado,293162123,2006.2
11124100,0,2006.2,1105301,UNID. ACAD. DE ENGENHARIA MECÂNICA,7,Aprovado,293162123,2006.2
11124100,0,2006.2,1105155,UNID. ACAD. DE ENGENHARIA DE PRODUÇÃO,4.7,Reprovado,293162123,2006.2
11124100,0,2006.2,1109050,UNID. ACAD. DE MATEMÁTICA,3.8,Reprovado,293162123,2006.2
11124100,0,2010.2,1105019,UNID. ACAD. DE ENGENHARIA MECÂNICA,5.6,Aprovado,305161850,2010.2
11124100,0,2010.2,1108025,UNID. ACAD. DE FÍSICA,7.5,Aprovado,305161850,2010.2
11124100,0,2010.2,1105162,UNID. ACAD. DE ENGENHARIA MECÂNICA,7.3,Aprovado,305161850,2010.2
11124100,0,2006.1,1109035,UNID. ACAD. DE MATEMÁTICA,0,Reprovado por Falta,292862750,2006.1
11124100,0,2006.1,1109050,UNID. ACAD. DE MATEMÁTICA,0,Reprovado por Falta,292862750,2006.1
11124100,0,2006.1,1107131,UNID. ACAD. DE ENGENHARIA QUÍMICA,0,Reprovado por Falta,292862750,2006.1
11124100,0,2006.1,1105155,UNID. ACAD. DE ENGENHARIA DE PRODUÇÃO,0,Reprovado por Falta,292862750,2006.1
11124100,0,2006.1,1303021,UNID. ACAD. DE ECONOMIA E FINANCAS,0,Reprovado por Falta,292862750,2006.1
11124100,0,2006.1,1105301,UNID. ACAD. DE ENGENHARIA MECÂNICA,0,Reprovado por Falta,292862750,2006.1
11124100,0,2006.1,1105301,UNID. ACAD. DE ENGENHARIA MECÂNICA,8.2,Aprovado,292861763,2006.1
11124100,0,2006.1,1503070,UNID. ACAD. DE ENGENHARIA CIVIL,NA,Trancado,292861763,2006.1
11124100,0,2006.1,1305033,UNID. ACAD. DE SOCIOLOGIA E ANTROPOLOGIA,7.5,Aprovado,292861763,2006.1
11124100,0,2006.1,1305036,UNID. ACAD. DE SOCIOLOGIA E ANTROPOLOGIA,8.1,Aprovado,292861763,2006.1
11124100,0,2006.1,1109050,UNID. ACAD. DE MATEMÁTICA,7.8,Aprovado,292861763,2006.1
11124100,0,2006.1,1109035,UNID. ACAD. DE MATEMÁTICA,9,Aprovado,292861763,2006.1
11124100,0,2006.1,1105155,UNID. ACAD. DE ENGENHARIA DE PRODUÇÃO,9.1,Aprovado,292861763,2006.1
11124100,0,2006.1,1305036,UNID. ACAD. DE SOCIOLOGIA E ANTROPOLOGIA,8.3,Aprovado,292861754,2006.1
11124100,0,2006.1,1503070,UNID. ACAD. DE ENGENHARIA CIVIL,7.1,Aprovado,292861754,2006.1
11124100,0,2006.1,1109050,UNID. ACAD. DE MATEMÁTICA,0,Reprovado por Falta,292861754,2006.1
11124100,0,2006.1,1109035,UNID. ACAD. DE MATEMÁTICA,5,Aprovado,292861754,2006.1
11124100,0,2006.1,1105155,UNID. ACAD. DE ENGENHARIA DE PRODUÇÃO,7.4,Aprovado,292861754,2006.1
11124100,0,2006.1,1105301,UNID. ACAD. DE ENGENHARIA MECÂNICA,8,Aprovado,292861754,2006.1
11124100,0,2006.1,1305033,UNID. ACAD. DE SOCIOLOGIA E ANTROPOLOGIA,7,Aprovado,292861754,2006.1
11124100,0,2006.1,1105301,UNID. ACAD. DE ENGENHARIA MECÂNICA,7.5,Aprovado,292861766,2006.1
11124100,0,2006.1,1503070,UNID. ACAD. DE ENGENHARIA CIVIL,7.9,Aprovado,292861766,2006.1
11124100,0,2006.1,1109050,UNID. ACAD. DE MATEMÁTICA,6.1,Aprovado,292861766,2006.1
11124100,0,2006.1,1305036,UNID. ACAD. DE SOCIOLOGIA E ANTROPOLOGIA,8.5,Aprovado,292861766,2006.1
11124100,0,2006.1,1105155,UNID. ACAD. DE ENGENHARIA DE PRODUÇÃO,9.1,Aprovado,292861766,2006.1
11124100,0,2006.1,1109035,UNID. ACAD. DE MATEMÁTICA,6.7,Aprovado,292861766,2006.1
11124100,0,2006.1,1305033,UNID. ACAD. DE SOCIOLOGIA E ANTROPOLOGIA,9,Aprovado,292861766,2006.1
11124100,0,2010.2,1105019,UNID. ACAD. DE ENGENHARIA MECÂNICA,5.7,Aprovado,305161595,2010.2
11124100,0,2010.2,1113015,UNID. ACAD. DE ENGENHARIA DE PRODUÇÃO,8.2,Aprovado,305161595,2010.2
11124100,0,2010.2,1109051,UNID. ACAD. DE MATEMÁTICA,7.6,Aprovado,305161595,2010.2
11124100,0,2010.2,1105170,UNID. ACAD. DE ENGENHARIA MECÂNICA,6.5,Aprovado,305161595,2010.2
11124100,0,2010.2,1108023,UNID. ACAD. DE FÍSICA,6.8,Aprovado,305161595,2010.2
11124100,0,2010.2,1108028,UNID. ACAD. DE FÍSICA,7.2,Aprovado,305161595,2010.2
11124100,1,2007.1,1105145,UNID. ACAD. DE ENGENHARIA MECÂNICA,0,Reprovado por Falta,295860863,2007.1
11124100,1,2007.1,1105017,UNID. ACAD. DE ENGENHARIA MECÂNICA,0,Reprovado por Falta,295860863,2007.1
11124100,0,2006.1,1105301,UNID. ACAD. DE ENGENHARIA MECÂNICA,7,Aprovado,292861790,2006.1
11124100,0,2006.1,1305033,UNID. ACAD. DE SOCIOLOGIA E ANTROPOLOGIA,8,Aprovado,292861790,2006.1
11124100,0,2006.1,1109035,UNID. ACAD. DE MATEMÁTICA,5.4,Aprovado,292861790,2006.1
11124100,0,2006.1,1107131,UNID. ACAD. DE ENGENHARIA QUÍMICA,8.5,Aprovado,292861790,2006.1
11124100,0,2006.1,1105155,UNID. ACAD. DE ENGENHARIA DE PRODUÇÃO,7.5,Aprovado,292861790,2006.1
11124100,0,2006.1,1109050,UNID. ACAD. DE MATEMÁTICA,1.3,Reprovado,292861790,2006.1
11124100,0,2010.1,1109050,UNID. ACAD. DE MATEMÁTICA,2,Reprovado,304863089,2010.1
11124100,0,2010.1,1109035,UNID. ACAD. DE MATEMÁTICA,5.1,Aprovado,304863089,2010.1
11124100,0,2010.1,1105301,UNID. ACAD. DE ENGENHARIA MECÂNICA,7,Aprovado,304863089,2010.1
11124100,0,2010.1,1105155,UNID. ACAD. DE ENGENHARIA DE PRODUÇÃO,7.3,Aprovado,304863089,2010.1
11124100,0,2010.1,1411001,UNID. ACAD. DE SISTEMAS E COMPUTAÇÃO,8.5,Aprovado,304863089,2010.1
11124100,0,2010.1,1305036,UNID. ACAD. DE SOCIOLOGIA E ANTROPOLOGIA,3.5,Reprovado,304863089,2010.1
11124100,0,2006.2,1305036,UNID. ACAD. DE SOCIOLOGIA E ANTROPOLOGIA,8.5,Aprovado,293162120,2006.2
11124100,0,2006.2,1105301,UNID. ACAD. DE ENGENHARIA MECÂNICA,8,Aprovado,293162120,2006.2
11124100,0,2006.2,1109035,UNID. ACAD. DE MATEMÁTICA,5.4,Aprovado,293162120,2006.2
11124100,0,2006.2,1503070,UNID. ACAD. DE ENGENHARIA CIVIL,0,Reprovado por Falta,293162120,2006.2
11124100,0,2006.2,1109050,UNID. ACAD. DE MATEMÁTICA,4,Reprovado,293162120,2006.2
11124100,0,2006.2,1105155,UNID. ACAD. DE ENGENHARIA DE PRODUÇÃO,7,Aprovado,293162120,2006.2
11124100,0,2006.2,1305033,UNID. ACAD. DE SOCIOLOGIA E ANTROPOLOGIA,7.5,Aprovado,293162120,2006.2
11124100,0,2011.1,1114052,UNID. ACAD. DE ESTATÍSTICA,7.3,Aprovado,307860239,2011.1
11124100,0,2011.1,1105155,UNID. ACAD. DE ENGENHARIA DE PRODUÇÃO,9.1,Aprovado,307860239,2011.1
11124100,0,2011.1,1105161,UNID. ACAD. DE ENGENHARIA MECÂNICA,0,Reprovado por Falta,307860239,2011.1
11124100,0,2011.1,1503048,UNID. ACAD. DE ENGENHARIA CIVIL,6.5,Aprovado,307860239,2011.1
11124100,0,2011.1,1105159,UNID. ACAD. DE ENGENHARIA MECÂNICA,0,Reprovado por Falta,307860239,2011.1
11124100,0,2006.2,1305036,UNID. ACAD. DE SOCIOLOGIA E ANTROPOLOGIA,8.5,Aprovado,293161886,2006.2
11124100,0,2006.2,1305033,UNID. ACAD. DE SOCIOLOGIA E ANTROPOLOGIA,8.5,Aprovado,293161886,2006.2
11124100,0,2006.2,1503070,UNID. ACAD. DE ENGENHARIA CIVIL,7.9,Aprovado,293161886,2006.2
11124100,0,2006.2,1105301,UNID. ACAD. DE ENGENHARIA MECÂNICA,10,Aprovado,293161886,2006.2
11124100,0,2006.2,1105155,UNID. ACAD. DE ENGENHARIA DE PRODUÇÃO,9.9,Aprovado,293161886,2006.2
11124100,1,2007.2,1503070,UNID. ACAD. DE ENGENHARIA CIVIL,0,Reprovado por Falta,296160713,2007.2
11124100,1,2007.2,1109035,UNID. ACAD. DE MATEMÁTICA,0,Reprovado por Falta,296160713,2007.2
11124100,1,2007.2,1109050,UNID. ACAD. DE MATEMÁTICA,0,Reprovado por Falta,296160713,2007.2
11124100,1,2007.2,1305033,UNID. ACAD. DE SOCIOLOGIA E ANTROPOLOGIA,0,Reprovado por Falta,296160713,2007.2
11124100,1,2007.2,1105301,UNID. ACAD. DE ENGENHARIA MECÂNICA,0,Reprovado por Falta,296160713,2007.2
11124100,1,2007.2,1305036,UNID. ACAD. DE SOCIOLOGIA E ANTROPOLOGIA,0,Reprovado por Falta,296160713,2007.2
11124100,1,2007.2,1105155,UNID. ACAD. DE ENGENHARIA DE PRODUÇÃO,0,Reprovado por Falta,296160713,2007.2
11124100,0,2007.2,1303021,UNID. ACAD. DE ECONOMIA E FINANCAS,7,Aprovado,296161007,2007.2
11124100,0,2007.2,1105301,UNID. ACAD. DE ENGENHARIA MECÂNICA,8.5,Aprovado,296161007,2007.2
11124100,0,2007.2,1105155,UNID. ACAD. DE ENGENHARIA DE PRODUÇÃO,9.4,Aprovado,296161007,2007.2
11124100,0,2007.2,1305036,UNID. ACAD. DE SOCIOLOGIA E ANTROPOLOGIA,7,Aprovado,296161007,2007.2
11124100,0,2007.2,1109035,UNID. ACAD. DE MATEMÁTICA,8.5,Aprovado,296161007,2007.2
11124100,0,2007.2,1305033,UNID. ACAD. DE SOCIOLOGIA E ANTROPOLOGIA,7.5,Aprovado,296161007,2007.2
11124100,0,2007.2,1109050,UNID. ACAD. DE MATEMÁTICA,7.9,Aprovado,296161007,2007.2
11124100,0,2008.2,1305036,UNID. ACAD. DE SOCIOLOGIA E ANTROPOLOGIA,9,Aprovado,299160926,2008.2
11124100,0,2008.2,1109050,UNID. ACAD. DE MATEMÁTICA,5.3,Aprovado,299160926,2008.2
11124100,0,2008.2,1109035,UNID. ACAD. DE MATEMÁTICA,8.2,Aprovado,299160926,2008.2
11124100,0,2008.2,1503070,UNID. ACAD. DE ENGENHARIA CIVIL,6,Aprovado,299160926,2008.2
11124100,0,2008.2,1305033,UNID. ACAD. DE SOCIOLOGIA E ANTROPOLOGIA,7.7,Aprovado,299160926,2008.2
11124100,0,2008.2,1105155,UNID. ACAD. DE ENGENHARIA DE PRODUÇÃO,9.2,Aprovado,299160926,2008.2
11124100,0,2007.2,1503070,UNID. ACAD. DE ENGENHARIA CIVIL,5.1,Aprovado,296160734,2007.2
11124100,0,2007.2,1105301,UNID. ACAD. DE ENGENHARIA MECÂNICA,8.3,Aprovado,296160734,2007.2
11124100,0,2007.2,1305033,UNID. ACAD. DE SOCIOLOGIA E ANTROPOLOGIA,7.5,Aprovado,296160734,2007.2
11124100,0,2007.2,1305036,UNID. ACAD. DE SOCIOLOGIA E ANTROPOLOGIA,7,Aprovado,296160734,2007.2
11124100,0,2009.1,1107131,UNID. ACAD. DE ENGENHARIA QUÍMICA,4.5,Reprovado,301861721,2009.1
11124100,0,2009.1,1109035,UNID. ACAD. DE MATEMÁTICA,0,Reprovado por Falta,301861721,2009.1
11124100,0,2009.1,1109050,UNID. ACAD. DE MATEMÁTICA,0,Reprovado por Falta,301861721,2009.1
11124100,0,2009.1,1105155,UNID. ACAD. DE ENGENHARIA DE PRODUÇÃO,8.6,Aprovado,301861721,2009.1
11124100,0,2009.1,1105301,UNID. ACAD. DE ENGENHARIA MECÂNICA,9,Aprovado,301861721,2009.1
11124100,0,2009.1,1305036,UNID. ACAD. DE SOCIOLOGIA E ANTROPOLOGIA,8.7,Aprovado,301861721,2009.1
11124100,0,2009.1,1503070,UNID. ACAD. DE ENGENHARIA CIVIL,6.7,Aprovado,301861721,2009.1
11124100,0,2006.1,1305036,UNID. ACAD. DE SOCIOLOGIA E ANTROPOLOGIA,8.5,Aprovado,292862627,2006.1
11124100,0,2006.1,1105301,UNID. ACAD. DE ENGENHARIA MECÂNICA,8,Aprovado,292862627,2006.1
11124100,0,2006.1,1105155,UNID. ACAD. DE ENGENHARIA DE PRODUÇÃO,0,Reprovado por Falta,292862627,2006.1
11124100,0,2006.1,1305033,UNID. ACAD. DE SOCIOLOGIA E ANTROPOLOGIA,8,Aprovado,292862627,2006.1
11124100,0,2006.1,1109050,UNID. ACAD. DE MATEMÁTICA,NA,Trancado,292862627,2006.1
11124100,0,2006.1,1109035,UNID. ACAD. DE MATEMÁTICA,0,Reprovado por Falta,292862627,2006.1
11124100,0,2007.1,1105301,UNID. ACAD. DE ENGENHARIA MECÂNICA,7.3,Aprovado,295860917,2007.1
11124100,0,2007.1,1105155,UNID. ACAD. DE ENGENHARIA DE PRODUÇÃO,7.4,Aprovado,295860917,2007.1
11124100,0,2007.1,1305036,UNID. ACAD. DE SOCIOLOGIA E ANTROPOLOGIA,8,Aprovado,295860917,2007.1
11124100,0,2007.1,1503070,UNID. ACAD. DE ENGENHARIA CIVIL,5.8,Aprovado,295860917,2007.1
11124100,0,2007.1,1305033,UNID. ACAD. DE SOCIOLOGIA E ANTROPOLOGIA,7.8,Aprovado,295860917,2007.1
11124100,0,2007.1,1109050,UNID. ACAD. DE MATEMÁTICA,5,Aprovado,295860917,2007.1
11124100,0,2007.1,1109035,UNID. ACAD. DE MATEMÁTICA,5,Aprovado,295860917,2007.1
11124100,0,2009.1,1305036,UNID. ACAD. DE SOCIOLOGIA E ANTROPOLOGIA,8.6,Aprovado,301861700,2009.1
11124100,0,2009.1,1109050,UNID. ACAD. DE MATEMÁTICA,5,Aprovado,301861700,2009.1
11124100,0,2009.1,1503070,UNID. ACAD. DE ENGENHARIA CIVIL,7.5,Aprovado,301861700,2009.1
11124100,0,2009.1,1109035,UNID. ACAD. DE MATEMÁTICA,5,Aprovado,301861700,2009.1
11124100,0,2009.1,1107131,UNID. ACAD. DE ENGENHARIA QUÍMICA,6.5,Aprovado,301861700,2009.1
11124100,0,2009.1,1105301,UNID. ACAD. DE ENGENHARIA MECÂNICA,8,Aprovado,301861700,2009.1
11124100,0,2009.1,1305033,UNID. ACAD. DE SOCIOLOGIA E ANTROPOLOGIA,8.3,Aprovado,301861700,2009.1
11124100,0,2009.1,1105155,UNID. ACAD. DE ENGENHARIA DE PRODUÇÃO,8.8,Aprovado,301861700,2009.1
11124100,0,2007.1,1105301,UNID. ACAD. DE ENGENHARIA MECÂNICA,7.8,Aprovado,295860938,2007.1
11124100,0,2007.1,1109050,UNID. ACAD. DE MATEMÁTICA,8.7,Aprovado,295860938,2007.1
11124100,0,2007.1,1305033,UNID. ACAD. DE SOCIOLOGIA E ANTROPOLOGIA,8.5,Aprovado,295860938,2007.1
11124100,0,2007.1,1109035,UNID. ACAD. DE MATEMÁTICA,7,Aprovado,295860938,2007.1
11124100,0,2007.1,1105155,UNID. ACAD. DE ENGENHARIA DE PRODUÇÃO,9.4,Aprovado,295860938,2007.1
11124100,0,2007.1,1305036,UNID. ACAD. DE SOCIOLOGIA E ANTROPOLOGIA,8.6,Aprovado,295860938,2007.1
11124100,0,2007.1,1503070,UNID. ACAD. DE ENGENHARIA CIVIL,7.4,Aprovado,295860938,2007.1
11124100,0,2006.1,1305036,UNID. ACAD. DE SOCIOLOGIA E ANTROPOLOGIA,9.2,Aprovado,292862642,2006.1
11124100,0,2006.1,1105155,UNID. ACAD. DE ENGENHARIA DE PRODUÇÃO,9.3,Aprovado,292862642,2006.1
11124100,0,2006.1,1109050,UNID. ACAD. DE MATEMÁTICA,5.4,Aprovado,292862642,2006.1
11124100,0,2009.1,1305033,UNID. ACAD. DE SOCIOLOGIA E ANTROPOLOGIA,8.2,Aprovado,301860266,2009.1
11124100,0,2009.1,1109053,UNID. ACAD. DE MATEMÁTICA,8.7,Aprovado,301860266,2009.1
11124100,0,2009.1,1109049,UNID. ACAD. DE MATEMÁTICA,6.5,Aprovado,301860266,2009.1
11124100,0,2009.1,1411001,UNID. ACAD. DE SISTEMAS E COMPUTAÇÃO,9.2,Aprovado,301860266,2009.1
11124100,0,2009.1,1107131,UNID. ACAD. DE ENGENHARIA QUÍMICA,9.4,Aprovado,301860266,2009.1
11124100,0,2009.1,1105158,UNID. ACAD. DE ENGENHARIA DE PRODUÇÃO,8.2,Aprovado,301860266,2009.1
11124100,0,2009.1,1305036,UNID. ACAD. DE SOCIOLOGIA E ANTROPOLOGIA,8.9,Aprovado,301860266,2009.1
11124100,0,2006.1,1305033,UNID. ACAD. DE SOCIOLOGIA E ANTROPOLOGIA,NA,Trancado,292861811,2006.1
11124100,0,2006.1,1105301,UNID. ACAD. DE ENGENHARIA MECÂNICA,NA,Trancado,292861811,2006.1
11124100,0,2006.1,1503070,UNID. ACAD. DE ENGENHARIA CIVIL,NA,Trancado,292861811,2006.1
11124100,0,2006.1,1105155,UNID. ACAD. DE ENGENHARIA DE PRODUÇÃO,NA,Trancado,292861811,2006.1
11124100,0,2006.1,1305036,UNID. ACAD. DE SOCIOLOGIA E ANTROPOLOGIA,NA,Trancado,292861811,2006.1
11124100,0,2006.1,1109050,UNID. ACAD. DE MATEMÁTICA,NA,Trancado,292861811,2006.1
11124100,0,2006.1,1109035,UNID. ACAD. DE MATEMÁTICA,NA,Trancado,292861811,2006.1
11124100,0,2006.1,1109050,UNID. ACAD. DE MATEMÁTICA,6.2,Aprovado,292861772,2006.1
11124100,0,2006.1,1107131,UNID. ACAD. DE ENGENHARIA QUÍMICA,9.9,Aprovado,292861772,2006.1
11124100,0,2006.1,1105301,UNID. ACAD. DE ENGENHARIA MECÂNICA,8,Aprovado,292861772,2006.1
11124100,0,2006.1,1105155,UNID. ACAD. DE ENGENHARIA DE PRODUÇÃO,9.2,Aprovado,292861772,2006.1
11124100,0,2006.1,1305036,UNID. ACAD. DE SOCIOLOGIA E ANTROPOLOGIA,9.3,Aprovado,292861772,2006.1
11124100,0,2006.1,1109035,UNID. ACAD. DE MATEMÁTICA,8,Aprovado,292861772,2006.1
11124100,0,2009.1,1105159,UNID. ACAD. DE ENGENHARIA MECÂNICA,3.2,Reprovado,301862927,2009.1
11124100,0,2009.1,1404026,UNID. ACAD. DE ENGENHARIA ELÉTRICA,7.5,Aprovado,301862927,2009.1
11124100,0,2009.1,1105161,UNID. ACAD. DE ENGENHARIA MECÂNICA,4,Reprovado,301862927,2009.1
11124100,0,2009.1,1105164,UNID. ACAD. DE ENGENHARIA MECÂNICA,6,Aprovado,301862927,2009.1
11124100,0,2009.1,1105182,UNID. ACAD. DE ENGENHARIA MECÂNICA,5,Aprovado,301862927,2009.1
11124100,0,2009.1,1105154,UNID. ACAD. DE ENGENHARIA MECÂNICA,7.7,Aprovado,301862927,2009.1
11124100,0,2010.1,1105019,UNID. ACAD. DE ENGENHARIA MECÂNICA,6.3,Aprovado,304980797,2010.1
11124100,0,2010.1,1105166,UNID. ACAD. DE ENGENHARIA MECÂNICA,8.3,Aprovado,304980797,2010.1
11124100,0,2010.1,1105013,UNID. ACAD. DE ENGENHARIA MECÂNICA,7,Aprovado,304980797,2010.1
11124100,0,2010.1,1105183,UNID. ACAD. DE ENGENHARIA MECÂNICA,5.5,Aprovado,304980797,2010.1
11124100,0,2010.1,1105020,UNID. ACAD. DE ENGENHARIA MECÂNICA,5.5,Aprovado,304980797,2010.1
11124100,0,2010.1,1105167,UNID. ACAD. DE ENGENHARIA MECÂNICA,7.8,Aprovado,304980797,2010.1
11124100,0,2008.1,1105169,UNID. ACAD. DE ENGENHARIA MECÂNICA,7,Aprovado,298861037,2008.1
11124100,0,2008.1,1105146,UNID. ACAD. DE ENGENHARIA MECÂNICA,7.3,Aprovado,298861037,2008.1
11124100,0,2008.1,1108025,UNID. ACAD. DE FÍSICA,5.4,Aprovado,298861037,2008.1
11124100,0,2008.1,1105162,UNID. ACAD. DE ENGENHARIA MECÂNICA,8.4,Aprovado,298861037,2008.1
11124100,0,2008.1,1105183,UNID. ACAD. DE ENGENHARIA MECÂNICA,7.1,Aprovado,298861037,2008.1
11124100,0,2008.1,1503070,UNID. ACAD. DE ENGENHARIA CIVIL,8,Aprovado,298861037,2008.1
11124100,0,2007.2,1109050,UNID. ACAD. DE MATEMÁTICA,9.2,Aprovado,296161019,2007.2
11124100,0,2007.2,1105155,UNID. ACAD. DE ENGENHARIA DE PRODUÇÃO,10,Aprovado,296161019,2007.2
11124100,0,2007.2,1105301,UNID. ACAD. DE ENGENHARIA MECÂNICA,8.5,Aprovado,296161019,2007.2
11124100,0,2007.2,1109035,UNID. ACAD. DE MATEMÁTICA,9.3,Aprovado,296161019,2007.2
11124100,0,2007.2,1305033,UNID. ACAD. DE SOCIOLOGIA E ANTROPOLOGIA,7.7,Aprovado,296161019,2007.2
11124100,0,2007.2,1303021,UNID. ACAD. DE ECONOMIA E FINANCAS,9.5,Aprovado,296161019,2007.2
11124100,0,2007.2,1305036,UNID. ACAD. DE SOCIOLOGIA E ANTROPOLOGIA,9.5,Aprovado,296161019,2007.2
11124100,0,2006.2,1503070,UNID. ACAD. DE ENGENHARIA CIVIL,8.6,Aprovado,293162102,2006.2
11124100,0,2006.2,1105301,UNID. ACAD. DE ENGENHARIA MECÂNICA,7.8,Aprovado,293162102,2006.2
11124100,0,2006.2,1305033,UNID. ACAD. DE SOCIOLOGIA E ANTROPOLOGIA,8.8,Aprovado,293162102,2006.2
11124100,0,2006.2,1109050,UNID. ACAD. DE MATEMÁTICA,7,Aprovado,293162102,2006.2
11124100,0,2006.2,1305036,UNID. ACAD. DE SOCIOLOGIA E ANTROPOLOGIA,8.8,Aprovado,293162102,2006.2
11124100,0,2006.2,1109035,UNID. ACAD. DE MATEMÁTICA,7.9,Aprovado,293162102,2006.2
11124100,0,2006.2,1105155,UNID. ACAD. DE ENGENHARIA DE PRODUÇÃO,9.5,Aprovado,293162102,2006.2
11124100,0,2008.2,1305036,UNID. ACAD. DE SOCIOLOGIA E ANTROPOLOGIA,8.6,Aprovado,299161139,2008.2
11124100,0,2008.2,1411001,UNID. ACAD. DE SISTEMAS E COMPUTAÇÃO,9,Aprovado,299161139,2008.2
11124100,0,2008.2,1105158,UNID. ACAD. DE ENGENHARIA DE PRODUÇÃO,8,Aprovado,299161139,2008.2
11124100,0,2008.2,1107131,UNID. ACAD. DE ENGENHARIA QUÍMICA,7.2,Aprovado,299161139,2008.2
11124100,0,2008.2,1503070,UNID. ACAD. DE ENGENHARIA CIVIL,6,Aprovado,299161139,2008.2
11124100,0,2006.2,1109035,UNID. ACAD. DE MATEMÁTICA,10,Aprovado,293161853,2006.2
11124100,0,2006.2,1105155,UNID. ACAD. DE ENGENHARIA DE PRODUÇÃO,9.8,Aprovado,293161853,2006.2
11124100,0,2006.2,1305033,UNID. ACAD. DE SOCIOLOGIA E ANTROPOLOGIA,8.5,Aprovado,293161853,2006.2
11124100,0,2006.2,1109050,UNID. ACAD. DE MATEMÁTICA,8.1,Aprovado,293161853,2006.2
11124100,0,2006.2,1105301,UNID. ACAD. DE ENGENHARIA MECÂNICA,10,Aprovado,293161853,2006.2
11124100,0,2006.2,1305036,UNID. ACAD. DE SOCIOLOGIA E ANTROPOLOGIA,8.4,Aprovado,293161853,2006.2
11124100,0,2006.2,1105301,UNID. ACAD. DE ENGENHARIA MECÂNICA,9.2,Aprovado,293161910,2006.2
11124100,0,2006.2,1503070,UNID. ACAD. DE ENGENHARIA CIVIL,8,Aprovado,293161910,2006.2
11124100,0,2006.2,1305033,UNID. ACAD. DE SOCIOLOGIA E ANTROPOLOGIA,8,Aprovado,293161910,2006.2
11124100,0,2006.2,1305036,UNID. ACAD. DE SOCIOLOGIA E ANTROPOLOGIA,9.2,Aprovado,293161910,2006.2
11124100,0,2006.2,1109035,UNID. ACAD. DE MATEMÁTICA,1.3,Reprovado,293161910,2006.2
11124100,0,2006.2,1105155,UNID. ACAD. DE ENGENHARIA DE PRODUÇÃO,7.3,Aprovado,293161910,2006.2
11124100,0,2009.2,1105024,UNID. ACAD. DE ENGENHARIA MECÂNICA,5.3,Aprovado,302160938,2009.2
11124100,0,2009.2,1109051,UNID. ACAD. DE MATEMÁTICA,3.2,Reprovado,302160938,2009.2
11124100,0,2009.2,1114052,UNID. ACAD. DE ESTATÍSTICA,3.5,Reprovado,302160938,2009.2
11124100,0,2009.2,1109049,UNID. ACAD. DE MATEMÁTICA,5.6,Aprovado,302160938,2009.2
11124100,0,2009.2,1108028,UNID. ACAD. DE FÍSICA,3.8,Reprovado,302160938,2009.2
11124100,0,2011.1,1105187,UNID. ACAD. DE ENGENHARIA MECÂNICA,7,Aprovado,307980515,2011.1
11124100,0,2011.1,1105162,UNID. ACAD. DE ENGENHARIA MECÂNICA,6,Aprovado,307980515,2011.1
11124100,0,2011.1,1105161,UNID. ACAD. DE ENGENHARIA MECÂNICA,7.6,Aprovado,307980515,2011.1
11124100,0,2011.1,1105024,UNID. ACAD. DE ENGENHARIA MECÂNICA,8,Aprovado,307980515,2011.1
11124100,0,2011.1,1109010,UNID. ACAD. DE MATEMÁTICA,6.9,Aprovado,307980515,2011.1
11124100,0,2011.1,1114052,UNID. ACAD. DE ESTATÍSTICA,8.6,Aprovado,307980515,2011.1
11124100,0,2006.2,1503070,UNID. ACAD. DE ENGENHARIA CIVIL,3.1,Reprovado,293162165,2006.2
11124100,0,2006.2,1105155,UNID. ACAD. DE ENGENHARIA DE PRODUÇÃO,8.9,Aprovado,293162165,2006.2
11124100,0,2006.2,1109035,UNID. ACAD. DE MATEMÁTICA,6.2,Aprovado,293162165,2006.2
11124100,0,2006.2,1109050,UNID. ACAD. DE MATEMÁTICA,8.2,Aprovado,293162165,2006.2
11124100,0,2006.2,1305036,UNID. ACAD. DE SOCIOLOGIA E ANTROPOLOGIA,9,Aprovado,293162165,2006.2
11124100,0,2006.1,1305033,UNID. ACAD. DE SOCIOLOGIA E ANTROPOLOGIA,8,Aprovado,292861748,2006.1
11124100,0,2006.1,1305036,UNID. ACAD. DE SOCIOLOGIA E ANTROPOLOGIA,7.5,Aprovado,292861748,2006.1
11124100,0,2006.1,1105301,UNID. ACAD. DE ENGENHARIA MECÂNICA,7,Aprovado,292861748,2006.1
11124100,0,2006.1,1109050,UNID. ACAD. DE MATEMÁTICA,6.6,Aprovado,292861748,2006.1
11124100,0,2006.1,1109035,UNID. ACAD. DE MATEMÁTICA,7.2,Aprovado,292861748,2006.1
11124100,0,2006.1,1105155,UNID. ACAD. DE ENGENHARIA DE PRODUÇÃO,9.2,Aprovado,292861748,2006.1
11124100,0,2007.1,1305036,UNID. ACAD. DE SOCIOLOGIA E ANTROPOLOGIA,10,Aprovado,295860890,2007.1
11124100,0,2007.1,1109050,UNID. ACAD. DE MATEMÁTICA,9,Aprovado,295860890,2007.1
11124100,0,2007.1,1105155,UNID. ACAD. DE ENGENHARIA DE PRODUÇÃO,10,Aprovado,295860890,2007.1
11124100,0,2007.1,1411001,UNID. ACAD. DE SISTEMAS E COMPUTAÇÃO,8.3,Aprovado,295860890,2007.1
11124100,0,2007.1,1107131,UNID. ACAD. DE ENGENHARIA QUÍMICA,10,Aprovado,295860890,2007.1
11124100,0,2007.1,1105301,UNID. ACAD. DE ENGENHARIA MECÂNICA,8.5,Aprovado,295860890,2007.1
11124100,0,2007.1,1109035,UNID. ACAD. DE MATEMÁTICA,8.7,Aprovado,295860890,2007.1
11124100,0,2006.2,1503070,UNID. ACAD. DE ENGENHARIA CIVIL,3.6,Reprovado,293162090,2006.2
11124100,0,2006.2,1109035,UNID. ACAD. DE MATEMÁTICA,6.5,Aprovado,293162090,2006.2
11124100,0,2006.2,1105301,UNID. ACAD. DE ENGENHARIA MECÂNICA,7,Aprovado,293162090,2006.2
11124100,0,2006.2,1305033,UNID. ACAD. DE SOCIOLOGIA E ANTROPOLOGIA,7.7,Aprovado,293162090,2006.2
11124100,0,2006.2,1305036,UNID. ACAD. DE SOCIOLOGIA E ANTROPOLOGIA,8.4,Aprovado,293162090,2006.2
11124100,0,2008.1,1305033,UNID. ACAD. DE SOCIOLOGIA E ANTROPOLOGIA,8,Aprovado,298861829,2008.1
11124100,0,2008.1,1503070,UNID. ACAD. DE ENGENHARIA CIVIL,7,Aprovado,298861829,2008.1
11124100,0,2008.1,1107131,UNID. ACAD. DE ENGENHARIA QUÍMICA,10,Aprovado,298861052,2008.1
11124100,0,2008.1,1109035,UNID. ACAD. DE MATEMÁTICA,8.2,Aprovado,298861052,2008.1
11124100,0,2008.1,1305033,UNID. ACAD. DE SOCIOLOGIA E ANTROPOLOGIA,8,Aprovado,298861052,2008.1
11124100,0,2008.1,1105301,UNID. ACAD. DE ENGENHARIA MECÂNICA,9.5,Aprovado,298861052,2008.1
11124100,0,2008.1,1105155,UNID. ACAD. DE ENGENHARIA DE PRODUÇÃO,9.7,Aprovado,298861052,2008.1
11124100,0,2008.1,1305036,UNID. ACAD. DE SOCIOLOGIA E ANTROPOLOGIA,8.5,Aprovado,298861052,2008.1
11124100,0,2008.1,1109050,UNID. ACAD. DE MATEMÁTICA,7.8,Aprovado,298861052,2008.1
11124100,0,2008.1,1109035,UNID. ACAD. DE MATEMÁTICA,8.2,Aprovado,298861043,2008.1
11124100,0,2008.1,1411001,UNID. ACAD. DE SISTEMAS E COMPUTAÇÃO,8,Aprovado,298861043,2008.1
11124100,0,2008.1,1105301,UNID. ACAD. DE ENGENHARIA MECÂNICA,10,Aprovado,298861043,2008.1
11124100,0,2008.1,1109050,UNID. ACAD. DE MATEMÁTICA,7.5,Aprovado,298861043,2008.1
11124100,0,2008.1,1105155,UNID. ACAD. DE ENGENHARIA DE PRODUÇÃO,9.2,Aprovado,298861043,2008.1
11124100,0,2008.1,1305036,UNID. ACAD. DE SOCIOLOGIA E ANTROPOLOGIA,7.2,Aprovado,298861043,2008.1
11124100,0,2006.2,1109050,UNID. ACAD. DE MATEMÁTICA,3.3,Reprovado,293161904,2006.2
11124100,0,2006.2,1305036,UNID. ACAD. DE SOCIOLOGIA E ANTROPOLOGIA,0,Reprovado por Falta,293161904,2006.2
11124100,0,2006.2,1305033,UNID. ACAD. DE SOCIOLOGIA E ANTROPOLOGIA,0,Reprovado por Falta,293161904,2006.2
11124100,0,2006.2,1109035,UNID. ACAD. DE MATEMÁTICA,0.7,Reprovado,293161904,2006.2
11124100,0,2006.2,1503070,UNID. ACAD. DE ENGENHARIA CIVIL,0,Reprovado por Falta,293161904,2006.2
11124100,0,2006.2,1105301,UNID. ACAD. DE ENGENHARIA MECÂNICA,3.5,Reprovado,293161904,2006.2
11124100,0,2006.2,1105155,UNID. ACAD. DE ENGENHARIA DE PRODUÇÃO,0,Reprovado por Falta,293161904,2006.2
11124100,0,2006.2,1105155,UNID. ACAD. DE ENGENHARIA DE PRODUÇÃO,9.4,Aprovado,293162093,2006.2
11124100,1,2007.2,1109035,UNID. ACAD. DE MATEMÁTICA,NA,Trancado,296161013,2007.2
11124100,1,2007.2,1105301,UNID. ACAD. DE ENGENHARIA MECÂNICA,NA,Trancado,296161013,2007.2
11124100,1,2007.2,1305036,UNID. ACAD. DE SOCIOLOGIA E ANTROPOLOGIA,NA,Trancado,296161013,2007.2
11124100,1,2007.2,1503070,UNID. ACAD. DE ENGENHARIA CIVIL,NA,Trancado,296161013,2007.2
11124100,1,2007.2,1109050,UNID. ACAD. DE MATEMÁTICA,NA,Trancado,296161013,2007.2
11124100,1,2007.2,1105155,UNID. ACAD. DE ENGENHARIA DE PRODUÇÃO,NA,Trancado,296161013,2007.2
11124100,1,2007.2,1305033,UNID. ACAD. DE SOCIOLOGIA E ANTROPOLOGIA,NA,Trancado,296161013,2007.2
11124100,0,2008.1,1503070,UNID. ACAD. DE ENGENHARIA CIVIL,0,Reprovado por Falta,298861016,2008.1
11124100,0,2008.1,1305033,UNID. ACAD. DE SOCIOLOGIA E ANTROPOLOGIA,8.5,Aprovado,298861016,2008.1
11124100,0,2008.1,1109035,UNID. ACAD. DE MATEMÁTICA,7,Aprovado,298861016,2008.1
11124100,0,2008.1,1109050,UNID. ACAD. DE MATEMÁTICA,3.5,Reprovado,298861016,2008.1
11124100,0,2008.1,1305036,UNID. ACAD. DE SOCIOLOGIA E ANTROPOLOGIA,8.2,Aprovado,298861016,2008.1
11124100,0,2008.1,1105155,UNID. ACAD. DE ENGENHARIA DE PRODUÇÃO,9,Aprovado,298861016,2008.1
11124100,0,2006.1,1109050,UNID. ACAD. DE MATEMÁTICA,NA,Trancado,292862636,2006.1
11124100,0,2006.1,1305033,UNID. ACAD. DE SOCIOLOGIA E ANTROPOLOGIA,7.2,Aprovado,292862636,2006.1
11124100,0,2006.1,1105155,UNID. ACAD. DE ENGENHARIA DE PRODUÇÃO,10,Aprovado,292862636,2006.1
11124100,0,2006.1,1503070,UNID. ACAD. DE ENGENHARIA CIVIL,NA,Trancado,292862636,2006.1
11124100,0,2006.1,1109035,UNID. ACAD. DE MATEMÁTICA,8,Aprovado,292862636,2006.1
11124100,0,2006.1,1105301,UNID. ACAD. DE ENGENHARIA MECÂNICA,NA,Trancado,292862636,2006.1
11124100,0,2006.1,1305036,UNID. ACAD. DE SOCIOLOGIA E ANTROPOLOGIA,9,Aprovado,292862636,2006.1
11124100,0,2006.1,1105301,UNID. ACAD. DE ENGENHARIA MECÂNICA,7.5,Aprovado,292861769,2006.1
11124100,0,2006.1,1109050,UNID. ACAD. DE MATEMÁTICA,7.1,Aprovado,292861769,2006.1
11124100,0,2006.1,1105155,UNID. ACAD. DE ENGENHARIA DE PRODUÇÃO,10,Aprovado,292861769,2006.1
11124100,0,2006.1,1109035,UNID. ACAD. DE MATEMÁTICA,6.8,Aprovado,292861769,2006.1
11124100,0,2006.1,1107131,UNID. ACAD. DE ENGENHARIA QUÍMICA,9.4,Aprovado,292861769,2006.1
11124100,0,2006.1,1305033,UNID. ACAD. DE SOCIOLOGIA E ANTROPOLOGIA,7.7,Aprovado,292861769,2006.1
11124100,0,2006.2,1109050,UNID. ACAD. DE MATEMÁTICA,6.6,Aprovado,293161862,2006.2
11124100,0,2006.2,1109035,UNID. ACAD. DE MATEMÁTICA,3.2,Reprovado,293161862,2006.2
11124100,0,2006.2,1305036,UNID. ACAD. DE SOCIOLOGIA E ANTROPOLOGIA,9,Aprovado,293161862,2006.2
11124100,0,2006.2,1105301,UNID. ACAD. DE ENGENHARIA MECÂNICA,8.5,Aprovado,293161862,2006.2
11124100,0,2006.2,1305033,UNID. ACAD. DE SOCIOLOGIA E ANTROPOLOGIA,8,Aprovado,293161862,2006.2
11124100,0,2006.2,1503070,UNID. ACAD. DE ENGENHARIA CIVIL,7.3,Aprovado,293161862,2006.2
11124100,0,2006.2,1105155,UNID. ACAD. DE ENGENHARIA DE PRODUÇÃO,9.6,Aprovado,293161862,2006.2
11124100,1,2007.2,1109035,UNID. ACAD. DE MATEMÁTICA,0,Reprovado por Falta,296160725,2007.2
11124100,1,2007.2,1105155,UNID. ACAD. DE ENGENHARIA DE PRODUÇÃO,0,Reprovado por Falta,296160725,2007.2
11124100,1,2007.2,1105301,UNID. ACAD. DE ENGENHARIA MECÂNICA,0,Reprovado por Falta,296160725,2007.2
11124100,1,2007.2,1109050,UNID. ACAD. DE MATEMÁTICA,0,Reprovado por Falta,296160725,2007.2
11124100,0,2008.1,1305033,UNID. ACAD. DE SOCIOLOGIA E ANTROPOLOGIA,8,Aprovado,298861031,2008.1
11124100,0,2008.1,1109035,UNID. ACAD. DE MATEMÁTICA,8.5,Aprovado,298861031,2008.1
11124100,0,2008.1,1109050,UNID. ACAD. DE MATEMÁTICA,7,Aprovado,298861031,2008.1
11124100,0,2008.1,1105155,UNID. ACAD. DE ENGENHARIA DE PRODUÇÃO,9.7,Aprovado,298861031,2008.1
11124100,0,2008.1,1305036,UNID. ACAD. DE SOCIOLOGIA E ANTROPOLOGIA,9.2,Aprovado,298861031,2008.1
11124100,0,2008.1,1503070,UNID. ACAD. DE ENGENHARIA CIVIL,8.2,Aprovado,298861031,2008.1
11124100,0,2008.1,1107131,UNID. ACAD. DE ENGENHARIA QUÍMICA,10,Aprovado,298861031,2008.1
11124100,0,2007.1,1109035,UNID. ACAD. DE MATEMÁTICA,9.1,Aprovado,295860920,2007.1
11124100,0,2007.1,1109050,UNID. ACAD. DE MATEMÁTICA,9.4,Aprovado,295860920,2007.1
11124100,0,2007.1,1109050,UNID. ACAD. DE MATEMÁTICA,8.2,Aprovado,295860893,2007.1
11124100,0,2007.1,1305036,UNID. ACAD. DE SOCIOLOGIA E ANTROPOLOGIA,9.3,Aprovado,295860893,2007.1
11124100,0,2007.1,1105155,UNID. ACAD. DE ENGENHARIA DE PRODUÇÃO,10,Aprovado,295860893,2007.1
11124100,0,2007.1,1105301,UNID. ACAD. DE ENGENHARIA MECÂNICA,7.3,Aprovado,295860893,2007.1
11124100,0,2007.1,1305033,UNID. ACAD. DE SOCIOLOGIA E ANTROPOLOGIA,9.3,Aprovado,295860893,2007.1
11124100,0,2007.1,1503070,UNID. ACAD. DE ENGENHARIA CIVIL,7.5,Aprovado,295860893,2007.1
11124100,0,2006.2,1105301,UNID. ACAD. DE ENGENHARIA MECÂNICA,0,Reprovado por Falta,293162126,2006.2
11124100,0,2006.2,1109035,UNID. ACAD. DE MATEMÁTICA,0,Reprovado por Falta,293162126,2006.2
11124100,0,2006.2,1305033,UNID. ACAD. DE SOCIOLOGIA E ANTROPOLOGIA,0,Reprovado por Falta,293162126,2006.2
11124100,0,2006.2,1105155,UNID. ACAD. DE ENGENHARIA DE PRODUÇÃO,0,Reprovado por Falta,293162126,2006.2
11124100,0,2006.2,1109050,UNID. ACAD. DE MATEMÁTICA,0,Reprovado por Falta,293162126,2006.2
11124100,0,2006.2,1305036,UNID. ACAD. DE SOCIOLOGIA E ANTROPOLOGIA,0,Reprovado por Falta,293162126,2006.2
11124100,0,2007.1,1305036,UNID. ACAD. DE SOCIOLOGIA E ANTROPOLOGIA,9,Aprovado,295860872,2007.1
11124100,0,2007.1,1305033,UNID. ACAD. DE SOCIOLOGIA E ANTROPOLOGIA,8.8,Aprovado,295860872,2007.1
11124100,0,2007.1,1109035,UNID. ACAD. DE MATEMÁTICA,7.3,Aprovado,295860872,2007.1
11124100,0,2007.1,1105155,UNID. ACAD. DE ENGENHARIA DE PRODUÇÃO,9.3,Aprovado,295860872,2007.1
11124100,0,2007.1,1105301,UNID. ACAD. DE ENGENHARIA MECÂNICA,7.5,Aprovado,295860872,2007.1
11124100,0,2007.1,1109050,UNID. ACAD. DE MATEMÁTICA,9.2,Aprovado,295860872,2007.1
11124100,0,2007.1,1503070,UNID. ACAD. DE ENGENHARIA CIVIL,7.1,Aprovado,295860872,2007.1
11124100,0,2007.1,1109035,UNID. ACAD. DE MATEMÁTICA,6.4,Aprovado,295860875,2007.1
11124100,0,2007.1,1503070,UNID. ACAD. DE ENGENHARIA CIVIL,5.3,Aprovado,295860875,2007.1
11124100,0,2007.1,1105155,UNID. ACAD. DE ENGENHARIA DE PRODUÇÃO,8.9,Aprovado,295860875,2007.1
11124100,0,2007.1,1305033,UNID. ACAD. DE SOCIOLOGIA E ANTROPOLOGIA,9.3,Aprovado,295860875,2007.1
11124100,0,2007.1,1105301,UNID. ACAD. DE ENGENHARIA MECÂNICA,7.5,Aprovado,295860875,2007.1
11124100,0,2007.1,1109050,UNID. ACAD. DE MATEMÁTICA,7.1,Aprovado,295860875,2007.1
11124100,0,2007.1,1305036,UNID. ACAD. DE SOCIOLOGIA E ANTROPOLOGIA,8.2,Aprovado,295860875,2007.1
11124100,0,2008.2,1107131,UNID. ACAD. DE ENGENHARIA QUÍMICA,7.8,Aprovado,299160962,2008.2
11124100,0,2008.2,1503070,UNID. ACAD. DE ENGENHARIA CIVIL,7,Aprovado,299160962,2008.2
11124100,0,2008.2,1105155,UNID. ACAD. DE ENGENHARIA DE PRODUÇÃO,7.1,Aprovado,299160962,2008.2
11124100,0,2008.2,1109035,UNID. ACAD. DE MATEMÁTICA,9,Aprovado,299160962,2008.2
11124100,0,2008.2,1305036,UNID. ACAD. DE SOCIOLOGIA E ANTROPOLOGIA,8.2,Aprovado,299160962,2008.2
11124100,0,2008.2,1305033,UNID. ACAD. DE SOCIOLOGIA E ANTROPOLOGIA,8.5,Aprovado,299160962,2008.2
11124100,0,2008.2,1109050,UNID. ACAD. DE MATEMÁTICA,8.4,Aprovado,299160962,2008.2
11124100,0,2007.2,1305036,UNID. ACAD. DE SOCIOLOGIA E ANTROPOLOGIA,9.5,Aprovado,296161049,2007.2
11124100,0,2007.2,1503070,UNID. ACAD. DE ENGENHARIA CIVIL,6,Aprovado,296161049,2007.2
11124100,0,2007.2,1105155,UNID. ACAD. DE ENGENHARIA DE PRODUÇÃO,10,Aprovado,296161049,2007.2
11124100,0,2007.2,1305033,UNID. ACAD. DE SOCIOLOGIA E ANTROPOLOGIA,8,Aprovado,296161049,2007.2
11124100,0,2007.2,1109050,UNID. ACAD. DE MATEMÁTICA,1.9,Reprovado,296161049,2007.2
11124100,0,2007.2,1109035,UNID. ACAD. DE MATEMÁTICA,6.4,Aprovado,296161049,2007.2
11124100,0,2007.2,1105301,UNID. ACAD. DE ENGENHARIA MECÂNICA,8.5,Aprovado,296161049,2007.2
11124100,0,2008.2,1305036,UNID. ACAD. DE SOCIOLOGIA E ANTROPOLOGIA,8.7,Aprovado,299160662,2008.2
11124100,0,2008.2,1105155,UNID. ACAD. DE ENGENHARIA DE PRODUÇÃO,9.6,Aprovado,299160662,2008.2
11124100,0,2008.2,1105301,UNID. ACAD. DE ENGENHARIA MECÂNICA,8,Aprovado,299160662,2008.2
11124100,0,2008.2,1109035,UNID. ACAD. DE MATEMÁTICA,8,Aprovado,299160662,2008.2
11124100,0,2008.2,1109050,UNID. ACAD. DE MATEMÁTICA,8.3,Aprovado,299160662,2008.2
11124100,0,2008.2,1503070,UNID. ACAD. DE ENGENHARIA CIVIL,5.7,Aprovado,299160662,2008.2
11124100,0,2008.2,1305033,UNID. ACAD. DE SOCIOLOGIA E ANTROPOLOGIA,7.3,Aprovado,299160662,2008.2
11124100,0,2007.1,1105301,UNID. ACAD. DE ENGENHARIA MECÂNICA,NA,Trancado,295861775,2007.1
11124100,0,2007.1,1305033,UNID. ACAD. DE SOCIOLOGIA E ANTROPOLOGIA,NA,Trancado,295861775,2007.1
11124100,0,2007.1,1109035,UNID. ACAD. DE MATEMÁTICA,NA,Trancado,295861775,2007.1
11124100,0,2007.1,1503070,UNID. ACAD. DE ENGENHARIA CIVIL,NA,Trancado,295861775,2007.1
11124100,0,2007.1,1105155,UNID. ACAD. DE ENGENHARIA DE PRODUÇÃO,NA,Trancado,295861775,2007.1
11124100,0,2007.1,1305036,UNID. ACAD. DE SOCIOLOGIA E ANTROPOLOGIA,NA,Trancado,295861775,2007.1
11124100,0,2007.1,1109050,UNID. ACAD. DE MATEMÁTICA,NA,Trancado,295861775,2007.1
11124100,1,2010.2,1109050,UNID. ACAD. DE MATEMÁTICA,0,Reprovado por Falta,305161127,2010.2
11124100,1,2010.2,1109035,UNID. ACAD. DE MATEMÁTICA,0,Reprovado por Falta,305161127,2010.2
11124100,1,2010.2,1305033,UNID. ACAD. DE SOCIOLOGIA E ANTROPOLOGIA,0,Reprovado por Falta,305161127,2010.2
11124100,1,2010.2,1503070,UNID. ACAD. DE ENGENHARIA CIVIL,0,Reprovado por Falta,305161127,2010.2
11124100,1,2010.2,1107131,UNID. ACAD. DE ENGENHARIA QUÍMICA,0,Reprovado por Falta,305161127,2010.2
11124100,1,2010.2,1411001,UNID. ACAD. DE SISTEMAS E COMPUTAÇÃO,7,Aprovado,305161127,2010.2
11124100,0,2006.1,1105301,UNID. ACAD. DE ENGENHARIA MECÂNICA,NA,Trancado,292861805,2006.1
11124100,0,2006.1,1105155,UNID. ACAD. DE ENGENHARIA DE PRODUÇÃO,7.3,Aprovado,292861805,2006.1
11124100,0,2006.1,1107131,UNID. ACAD. DE ENGENHARIA QUÍMICA,8.9,Aprovado,292861805,2006.1
11124100,0,2006.1,1109050,UNID. ACAD. DE MATEMÁTICA,1,Reprovado,292861805,2006.1
11124100,0,2006.1,1109035,UNID. ACAD. DE MATEMÁTICA,1.2,Reprovado,292861805,2006.1
11124100,0,2006.1,1305033,UNID. ACAD. DE SOCIOLOGIA E ANTROPOLOGIA,8,Aprovado,292861805,2006.1
11124100,0,2006.2,1105301,UNID. ACAD. DE ENGENHARIA MECÂNICA,7.5,Aprovado,293161859,2006.2
11124100,0,2006.2,1105155,UNID. ACAD. DE ENGENHARIA DE PRODUÇÃO,5.6,Aprovado,293161859,2006.2
11124100,0,2006.2,1305033,UNID. ACAD. DE SOCIOLOGIA E ANTROPOLOGIA,6.8,Aprovado,293161859,2006.2
11124100,0,2006.2,1109035,UNID. ACAD. DE MATEMÁTICA,1.5,Reprovado,293161859,2006.2
11124100,0,2006.2,1109050,UNID. ACAD. DE MATEMÁTICA,1.1,Reprovado,293161859,2006.2
11124100,0,2006.2,1305036,UNID. ACAD. DE SOCIOLOGIA E ANTROPOLOGIA,8.5,Aprovado,293161859,2006.2
11124100,0,2008.2,1114052,UNID. ACAD. DE ESTATÍSTICA,0,Reprovado por Falta,299160659,2008.2
11124100,0,2008.2,1105159,UNID. ACAD. DE ENGENHARIA MECÂNICA,5.5,Aprovado,299160659,2008.2
11124100,0,2008.2,1503070,UNID. ACAD. DE ENGENHARIA CIVIL,6.4,Aprovado,299160659,2008.2
11124100,0,2008.2,1109010,UNID. ACAD. DE MATEMÁTICA,3.3,Reprovado,299160659,2008.2
11124100,0,2008.2,1108025,UNID. ACAD. DE FÍSICA,5.7,Aprovado,299160659,2008.2
11124100,0,2010.1,1105165,UNID. ACAD. DE ENGENHARIA MECÂNICA,7.2,Aprovado,304861754,2010.1
11124100,0,2010.1,1109010,UNID. ACAD. DE MATEMÁTICA,10,Aprovado,304861754,2010.1
11124100,0,2010.1,1303021,UNID. ACAD. DE ECONOMIA E FINANCAS,7.8,Aprovado,304861754,2010.1
11124100,0,2010.1,1404026,UNID. ACAD. DE ENGENHARIA ELÉTRICA,7,Aprovado,304861754,2010.1
11124100,0,2010.1,1105158,UNID. ACAD. DE ENGENHARIA DE PRODUÇÃO,9.7,Aprovado,304861754,2010.1
11124100,0,2010.1,1305036,UNID. ACAD. DE SOCIOLOGIA E ANTROPOLOGIA,9.3,Aprovado,304861754,2010.1
11124100,0,2007.1,1105155,UNID. ACAD. DE ENGENHARIA DE PRODUÇÃO,8.5,Aprovado,295860947,2007.1
11124100,0,2007.1,1109035,UNID. ACAD. DE MATEMÁTICA,7.5,Aprovado,295860947,2007.1
11124100,0,2007.1,1305036,UNID. ACAD. DE SOCIOLOGIA E ANTROPOLOGIA,8.8,Aprovado,295860947,2007.1
11124100,0,2007.1,1109050,UNID. ACAD. DE MATEMÁTICA,7.7,Aprovado,295860947,2007.1
11124100,0,2007.1,1503070,UNID. ACAD. DE ENGENHARIA CIVIL,5,Aprovado,295860947,2007.1
11124100,0,2007.1,1105301,UNID. ACAD. DE ENGENHARIA MECÂNICA,7.5,Aprovado,295860947,2007.1
11124100,0,2007.1,1305033,UNID. ACAD. DE SOCIOLOGIA E ANTROPOLOGIA,8,Aprovado,295860947,2007.1
11124100,0,2006.1,1105301,UNID. ACAD. DE ENGENHARIA MECÂNICA,7,Aprovado,292861799,2006.1
11124100,0,2006.1,1105155,UNID. ACAD. DE ENGENHARIA DE PRODUÇÃO,9,Aprovado,292861799,2006.1
11124100,0,2006.1,1109050,UNID. ACAD. DE MATEMÁTICA,7,Aprovado,292861799,2006.1
11124100,0,2006.1,1305036,UNID. ACAD. DE SOCIOLOGIA E ANTROPOLOGIA,7.8,Aprovado,292861799,2006.1
11124100,0,2006.1,1109035,UNID. ACAD. DE MATEMÁTICA,8.5,Aprovado,292861799,2006.1
11124100,0,2007.1,1109050,UNID. ACAD. DE MATEMÁTICA,9.7,Aprovado,295861580,2007.1
11124100,0,2007.1,1105301,UNID. ACAD. DE ENGENHARIA MECÂNICA,7,Aprovado,295861580,2007.1
11124100,0,2007.1,1109035,UNID. ACAD. DE MATEMÁTICA,9.1,Aprovado,295861580,2007.1
11124100,0,2007.1,1305033,UNID. ACAD. DE SOCIOLOGIA E ANTROPOLOGIA,8.8,Aprovado,295861580,2007.1
11124100,0,2007.1,1305036,UNID. ACAD. DE SOCIOLOGIA E ANTROPOLOGIA,9.5,Aprovado,295861580,2007.1
11124100,0,2007.1,1105155,UNID. ACAD. DE ENGENHARIA DE PRODUÇÃO,8.7,Aprovado,295861580,2007.1
11124100,0,2007.1,1105321,UNID. ACAD. DE ENGENHARIA MECÂNICA,9,Aprovado,295861580,2007.1
11124100,0,2010.2,1108023,UNID. ACAD. DE FÍSICA,7.4,Aprovado,305161166,2010.2
11124100,0,2010.2,1109051,UNID. ACAD. DE MATEMÁTICA,6,Aprovado,305161166,2010.2
11124100,0,2010.2,1305036,UNID. ACAD. DE SOCIOLOGIA E ANTROPOLOGIA,0,Reprovado por Falta,305161166,2010.2
11124100,0,2010.2,1503070,UNID. ACAD. DE ENGENHARIA CIVIL,5,Aprovado,305161166,2010.2
11124100,0,2010.2,1108031,UNID. ACAD. DE FÍSICA,6.3,Aprovado,305161166,2010.2
11124100,0,2010.2,1303021,UNID. ACAD. DE ECONOMIA E FINANCAS,3.7,Reprovado,305161166,2010.2
11124100,0,2009.2,1411001,UNID. ACAD. DE SISTEMAS E COMPUTAÇÃO,5.4,Aprovado,302161289,2009.2
11124100,0,2009.2,1109050,UNID. ACAD. DE MATEMÁTICA,5.3,Aprovado,302161289,2009.2
11124100,0,2009.2,1105301,UNID. ACAD. DE ENGENHARIA MECÂNICA,7.5,Aprovado,302161289,2009.2
11124100,0,2009.2,1107131,UNID. ACAD. DE ENGENHARIA QUÍMICA,3.5,Reprovado,302161289,2009.2
11124100,0,2009.2,1109035,UNID. ACAD. DE MATEMÁTICA,7.6,Aprovado,302161289,2009.2
11124100,0,2009.2,1105155,UNID. ACAD. DE ENGENHARIA DE PRODUÇÃO,8.9,Aprovado,302161289,2009.2
11124100,0,2008.2,1305036,UNID. ACAD. DE SOCIOLOGIA E ANTROPOLOGIA,5.9,Aprovado,299160653,2008.2
11124100,0,2008.2,1503070,UNID. ACAD. DE ENGENHARIA CIVIL,3.8,Reprovado,299160653,2008.2
11124100,0,2008.2,1105155,UNID. ACAD. DE ENGENHARIA DE PRODUÇÃO,5.1,Aprovado,299160653,2008.2
11124100,0,2008.2,1109050,UNID. ACAD. DE MATEMÁTICA,3.9,Reprovado,299160653,2008.2
11124100,0,2008.2,1109035,UNID. ACAD. DE MATEMÁTICA,7.2,Aprovado,299160653,2008.2
11124100,0,2008.2,1305033,UNID. ACAD. DE SOCIOLOGIA E ANTROPOLOGIA,7.3,Aprovado,299160653,2008.2
11124100,0,2008.1,1305036,UNID. ACAD. DE SOCIOLOGIA E ANTROPOLOGIA,10,Aprovado,298861007,2008.1
11124100,0,2008.1,1105155,UNID. ACAD. DE ENGENHARIA DE PRODUÇÃO,9.8,Aprovado,298861007,2008.1
11124100,0,2008.1,1105301,UNID. ACAD. DE ENGENHARIA MECÂNICA,10,Aprovado,298861007,2008.1
11124100,0,2008.1,1109050,UNID. ACAD. DE MATEMÁTICA,9.1,Aprovado,298861007,2008.1
11124100,0,2008.1,1303021,UNID. ACAD. DE ECONOMIA E FINANCAS,9.7,Aprovado,298861007,2008.1
11124100,0,2008.1,1109035,UNID. ACAD. DE MATEMÁTICA,9.2,Aprovado,298861007,2008.1
11124100,0,2008.1,1305033,UNID. ACAD. DE SOCIOLOGIA E ANTROPOLOGIA,8,Aprovado,298861007,2008.1
11124100,0,2007.1,1109050,UNID. ACAD. DE MATEMÁTICA,0,Reprovado por Falta,295861763,2007.1
11124100,0,2007.1,1105155,UNID. ACAD. DE ENGENHARIA DE PRODUÇÃO,NA,Trancado,295861763,2007.1
11124100,0,2007.1,1305033,UNID. ACAD. DE SOCIOLOGIA E ANTROPOLOGIA,1.5,Reprovado,295861763,2007.1
11124100,0,2007.1,1109035,UNID. ACAD. DE MATEMÁTICA,0,Reprovado por Falta,295861763,2007.1
11124100,0,2007.1,1105301,UNID. ACAD. DE ENGENHARIA MECÂNICA,0,Reprovado por Falta,295861763,2007.1
11124100,0,2007.1,1503070,UNID. ACAD. DE ENGENHARIA CIVIL,0,Reprovado por Falta,295861763,2007.1
11124100,0,2007.1,1305036,UNID. ACAD. DE SOCIOLOGIA E ANTROPOLOGIA,7.8,Aprovado,295861763,2007.1
11124100,0,2007.2,1105017,UNID. ACAD. DE ENGENHARIA MECÂNICA,0,Trancado,296161031,2007.2
11124100,0,2007.2,1105021,UNID. ACAD. DE ENGENHARIA MECÂNICA,7,Aprovado,296161031,2007.2
11124100,0,2007.2,1105164,UNID. ACAD. DE ENGENHARIA MECÂNICA,7,Aprovado,296161031,2007.2
11124100,0,2007.2,1105183,UNID. ACAD. DE ENGENHARIA MECÂNICA,6.6,Aprovado,296161031,2007.2
11124100,0,2007.2,1108025,UNID. ACAD. DE FÍSICA,7,Aprovado,296161031,2007.2
11124100,1,2007.2,1305033,UNID. ACAD. DE SOCIOLOGIA E ANTROPOLOGIA,NA,Trancado,296161046,2007.2
11124100,0,2010.2,1105182,UNID. ACAD. DE ENGENHARIA MECÂNICA,5.7,Aprovado,305161577,2010.2
11124100,0,2010.2,1109010,UNID. ACAD. DE MATEMÁTICA,0.7,Reprovado,305161577,2010.2
11124100,0,2010.2,1108023,UNID. ACAD. DE FÍSICA,3.5,Reprovado,305161577,2010.2
11124100,0,2010.2,1108031,UNID. ACAD. DE FÍSICA,7,Aprovado,305161577,2010.2
11124100,0,2010.2,1109051,UNID. ACAD. DE MATEMÁTICA,7.8,Aprovado,305161577,2010.2
11124100,0,2010.2,1105154,UNID. ACAD. DE ENGENHARIA MECÂNICA,7.7,Aprovado,305161577,2010.2
11124100,0,2010.2,1108028,UNID. ACAD. DE FÍSICA,5,Aprovado,305161577,2010.2
11124100,0,2008.1,1303021,UNID. ACAD. DE ECONOMIA E FINANCAS,8.7,Aprovado,298861049,2008.1
11124100,0,2008.1,1109035,UNID. ACAD. DE MATEMÁTICA,6.2,Aprovado,298861049,2008.1
11124100,0,2008.1,1305036,UNID. ACAD. DE SOCIOLOGIA E ANTROPOLOGIA,8.3,Aprovado,298861049,2008.1
11124100,0,2008.1,1109050,UNID. ACAD. DE MATEMÁTICA,4.3,Reprovado,298861049,2008.1
11124100,0,2008.1,1105155,UNID. ACAD. DE ENGENHARIA DE PRODUÇÃO,3.3,Reprovado,298861049,2008.1
11124100,0,2008.1,1305033,UNID. ACAD. DE SOCIOLOGIA E ANTROPOLOGIA,8,Aprovado,298861049,2008.1
11124100,0,2008.1,1105301,UNID. ACAD. DE ENGENHARIA MECÂNICA,10,Aprovado,298861049,2008.1
11124100,0,2008.1,1105155,UNID. ACAD. DE ENGENHARIA DE PRODUÇÃO,8.5,Aprovado,298861826,2008.1
11124100,0,2008.1,1305033,UNID. ACAD. DE SOCIOLOGIA E ANTROPOLOGIA,8,Aprovado,298861826,2008.1
11124100,0,2008.1,1109050,UNID. ACAD. DE MATEMÁTICA,5,Aprovado,298861826,2008.1
11124100,0,2008.1,1109035,UNID. ACAD. DE MATEMÁTICA,8,Aprovado,298861826,2008.1
11124100,0,2008.1,1503070,UNID. ACAD. DE ENGENHARIA CIVIL,5.7,Aprovado,298861826,2008.1
11124100,0,2008.1,1105301,UNID. ACAD. DE ENGENHARIA MECÂNICA,9,Aprovado,298861826,2008.1
11124100,0,2008.1,1305036,UNID. ACAD. DE SOCIOLOGIA E ANTROPOLOGIA,7.8,Aprovado,298861826,2008.1
11124100,0,2007.1,1109050,UNID. ACAD. DE MATEMÁTICA,9.7,Aprovado,295860941,2007.1
11124100,0,2007.1,1105155,UNID. ACAD. DE ENGENHARIA DE PRODUÇÃO,10,Aprovado,295860941,2007.1
11124100,0,2007.1,1503070,UNID. ACAD. DE ENGENHARIA CIVIL,8.1,Aprovado,295860941,2007.1
11124100,0,2007.1,1305036,UNID. ACAD. DE SOCIOLOGIA E ANTROPOLOGIA,9.7,Aprovado,295860941,2007.1
11124100,0,2007.1,1109035,UNID. ACAD. DE MATEMÁTICA,9.3,Aprovado,295860941,2007.1
11124100,0,2007.1,1105301,UNID. ACAD. DE ENGENHARIA MECÂNICA,7,Aprovado,295860941,2007.1
11124100,0,2007.1,1305033,UNID. ACAD. DE SOCIOLOGIA E ANTROPOLOGIA,9.3,Aprovado,295860941,2007.1
11124100,0,2008.1,1105155,UNID. ACAD. DE ENGENHARIA DE PRODUÇÃO,9.8,Aprovado,298861022,2008.1
11124100,0,2008.1,1105301,UNID. ACAD. DE ENGENHARIA MECÂNICA,9.5,Aprovado,298861034,2008.1
11124100,0,2008.1,1109050,UNID. ACAD. DE MATEMÁTICA,5.1,Aprovado,298861034,2008.1
11124100,0,2008.1,1503070,UNID. ACAD. DE ENGENHARIA CIVIL,5,Aprovado,298861034,2008.1
11124100,0,2008.1,1305036,UNID. ACAD. DE SOCIOLOGIA E ANTROPOLOGIA,9.2,Aprovado,298861034,2008.1
11124100,0,2008.1,1107131,UNID. ACAD. DE ENGENHARIA QUÍMICA,8.2,Aprovado,298861034,2008.1
11124100,0,2008.1,1109035,UNID. ACAD. DE MATEMÁTICA,7.8,Aprovado,298861034,2008.1
11124100,0,2008.1,1105155,UNID. ACAD. DE ENGENHARIA DE PRODUÇÃO,9.8,Aprovado,298861034,2008.1
11124100,0,2010.2,1109035,UNID. ACAD. DE MATEMÁTICA,2.4,Reprovado,305161598,2010.2
11124100,0,2010.2,1107131,UNID. ACAD. DE ENGENHARIA QUÍMICA,4,Reprovado,305161598,2010.2
11124100,0,2010.2,1109050,UNID. ACAD. DE MATEMÁTICA,1.2,Reprovado,305161598,2010.2
11124100,0,2010.2,1105155,UNID. ACAD. DE ENGENHARIA DE PRODUÇÃO,9.8,Aprovado,305161598,2010.2
11124100,0,2008.1,1109050,UNID. ACAD. DE MATEMÁTICA,8.4,Aprovado,298861010,2008.1
11124100,0,2008.1,1109035,UNID. ACAD. DE MATEMÁTICA,9,Aprovado,298861010,2008.1
11124100,0,2008.1,1305033,UNID. ACAD. DE SOCIOLOGIA E ANTROPOLOGIA,8,Aprovado,298861010,2008.1
11124100,0,2008.2,1503070,UNID. ACAD. DE ENGENHARIA CIVIL,3.8,Reprovado,299160689,2008.2
11124100,0,2008.2,1109050,UNID. ACAD. DE MATEMÁTICA,6.2,Aprovado,299160689,2008.2
11124100,0,2008.2,1305036,UNID. ACAD. DE SOCIOLOGIA E ANTROPOLOGIA,7,Aprovado,299160689,2008.2
11124100,0,2008.2,1109035,UNID. ACAD. DE MATEMÁTICA,5.8,Aprovado,299160689,2008.2
11124100,0,2008.2,1305033,UNID. ACAD. DE SOCIOLOGIA E ANTROPOLOGIA,8.5,Aprovado,299160689,2008.2
11124100,0,2008.2,1105155,UNID. ACAD. DE ENGENHARIA DE PRODUÇÃO,8.7,Aprovado,299160689,2008.2
11124100,1,2010.1,1305036,UNID. ACAD. DE SOCIOLOGIA E ANTROPOLOGIA,0,Reprovado por Falta,304980686,2010.1
11124100,1,2010.1,1109050,UNID. ACAD. DE MATEMÁTICA,0,Reprovado por Falta,304980686,2010.1
11124100,1,2010.1,1105155,UNID. ACAD. DE ENGENHARIA DE PRODUÇÃO,0,Reprovado por Falta,304980686,2010.1
11124100,1,2010.1,1105301,UNID. ACAD. DE ENGENHARIA MECÂNICA,7,Aprovado,304980686,2010.1
11124100,1,2010.1,1503070,UNID. ACAD. DE ENGENHARIA CIVIL,0,Reprovado por Falta,304980686,2010.1
11124100,1,2010.1,1305033,UNID. ACAD. DE SOCIOLOGIA E ANTROPOLOGIA,0,Reprovado por Falta,304980686,2010.1
11124100,1,2010.1,1109035,UNID. ACAD. DE MATEMÁTICA,0.3,Reprovado,304980686,2010.1
11124100,0,2010.2,1109035,UNID. ACAD. DE MATEMÁTICA,7.5,Aprovado,305161913,2010.2
11124100,0,2010.2,1109050,UNID. ACAD. DE MATEMÁTICA,5.7,Aprovado,305161913,2010.2
11124100,0,2010.2,1411001,UNID. ACAD. DE SISTEMAS E COMPUTAÇÃO,5,Aprovado,305161913,2010.2
11124100,0,2010.2,1107131,UNID. ACAD. DE ENGENHARIA QUÍMICA,6.6,Aprovado,305161913,2010.2
11124100,0,2010.2,1503070,UNID. ACAD. DE ENGENHARIA CIVIL,5.4,Aprovado,305161913,2010.2
11124100,0,2010.2,1305036,UNID. ACAD. DE SOCIOLOGIA E ANTROPOLOGIA,7.8,Aprovado,305161913,2010.2
11124100,0,2009.2,1305033,UNID. ACAD. DE SOCIOLOGIA E ANTROPOLOGIA,7.5,Aprovado,302161292,2009.2
11124100,0,2009.2,1105155,UNID. ACAD. DE ENGENHARIA DE PRODUÇÃO,9.3,Aprovado,302161292,2009.2
11124100,0,2009.2,1105301,UNID. ACAD. DE ENGENHARIA MECÂNICA,8.3,Aprovado,302161292,2009.2
11124100,0,2009.2,1305036,UNID. ACAD. DE SOCIOLOGIA E ANTROPOLOGIA,7.5,Aprovado,302161292,2009.2
11124100,0,2009.2,1503070,UNID. ACAD. DE ENGENHARIA CIVIL,0,Reprovado por Falta,302161292,2009.2
11124100,0,2009.2,1109035,UNID. ACAD. DE MATEMÁTICA,0,Reprovado por Falta,302161292,2009.2
11124100,0,2009.2,1109050,UNID. ACAD. DE MATEMÁTICA,0.5,Reprovado,302161292,2009.2
11124100,0,2008.2,1503070,UNID. ACAD. DE ENGENHARIA CIVIL,5,Aprovado,299160968,2008.2
11124100,0,2008.2,1105155,UNID. ACAD. DE ENGENHARIA DE PRODUÇÃO,9.9,Aprovado,299160968,2008.2
11124100,0,2008.2,1105301,UNID. ACAD. DE ENGENHARIA MECÂNICA,8.8,Aprovado,299160968,2008.2
11124100,0,2008.2,1109035,UNID. ACAD. DE MATEMÁTICA,7.5,Aprovado,299160968,2008.2
11124100,0,2008.2,1109050,UNID. ACAD. DE MATEMÁTICA,7,Aprovado,299160968,2008.2
11124100,0,2008.2,1305033,UNID. ACAD. DE SOCIOLOGIA E ANTROPOLOGIA,7.7,Aprovado,299160968,2008.2
11124100,0,2008.2,1305036,UNID. ACAD. DE SOCIOLOGIA E ANTROPOLOGIA,7.2,Aprovado,299160968,2008.2
11124100,0,2010.2,1503070,UNID. ACAD. DE ENGENHARIA CIVIL,3.4,Reprovado,305161568,2010.2
11124100,0,2010.2,1109050,UNID. ACAD. DE MATEMÁTICA,3.6,Reprovado,305161568,2010.2
11124100,0,2010.2,1107131,UNID. ACAD. DE ENGENHARIA QUÍMICA,7.7,Aprovado,305161568,2010.2
11124100,0,2010.2,1105155,UNID. ACAD. DE ENGENHARIA DE PRODUÇÃO,8.3,Aprovado,305161568,2010.2
11124100,0,2010.2,1109035,UNID. ACAD. DE MATEMÁTICA,6.5,Aprovado,305161568,2010.2
11124100,0,2010.2,1305033,UNID. ACAD. DE SOCIOLOGIA E ANTROPOLOGIA,8.2,Aprovado,305161568,2010.2
11124100,0,2010.2,1105145,UNID. ACAD. DE ENGENHARIA MECÂNICA,8.1,Aprovado,305161220,2010.2
11124100,0,2010.2,1105021,UNID. ACAD. DE ENGENHARIA MECÂNICA,6.3,Aprovado,305161220,2010.2
11124100,0,2010.2,1105189,UNID. ACAD. DE ENGENHARIA MECÂNICA,7,Aprovado,305161220,2010.2
11124100,0,2010.2,1105017,UNID. ACAD. DE ENGENHARIA MECÂNICA,8.75,Aprovado,305161220,2010.2
11124100,0,2010.2,1107233,UNID. ACAD. DE ENGENHARIA QUÍMICA,8,Aprovado,305161220,2010.2
11124100,0,2010.2,1105186,UNID. ACAD. DE ENGENHARIA MECÂNICA,7.3,Aprovado,305161220,2010.2
11124100,0,2009.2,1114052,UNID. ACAD. DE ESTATÍSTICA,7,Aprovado,302161247,2009.2
11124100,0,2009.2,1109051,UNID. ACAD. DE MATEMÁTICA,0,Reprovado por Falta,302161247,2009.2
11124100,0,2009.2,1411001,UNID. ACAD. DE SISTEMAS E COMPUTAÇÃO,8.7,Aprovado,302161247,2009.2
11124100,0,2009.2,1108031,UNID. ACAD. DE FÍSICA,6,Aprovado,302161247,2009.2
11124100,0,2009.2,1108028,UNID. ACAD. DE FÍSICA,0,Reprovado por Falta,302161247,2009.2
11124100,0,2009.2,1108023,UNID. ACAD. DE FÍSICA,6.8,Aprovado,302161247,2009.2
11124100,0,2006.1,1105163,UNID. ACAD. DE ENGENHARIA MECÂNICA,8.2,Aprovado,292861802,2006.1
11124100,0,2006.1,1105181,UNID. ACAD. DE ENGENHARIA MECÂNICA,8.5,Aprovado,292861802,2006.1
11124100,0,2006.1,1105155,UNID. ACAD. DE ENGENHARIA DE PRODUÇÃO,9,Aprovado,292861802,2006.1
11124100,0,2006.1,1105160,UNID. ACAD. DE ENGENHARIA MECÂNICA,7,Aprovado,292861802,2006.1
11124100,0,2006.1,1105161,UNID. ACAD. DE ENGENHARIA MECÂNICA,7,Aprovado,292861802,2006.1
11124100,1,2011.1,1109050,UNID. ACAD. DE MATEMÁTICA,0,Reprovado por Falta,307861742,2011.1
11124100,1,2011.1,1305033,UNID. ACAD. DE SOCIOLOGIA E ANTROPOLOGIA,0,Reprovado por Falta,307861742,2011.1
11124100,1,2011.1,1305036,UNID. ACAD. DE SOCIOLOGIA E ANTROPOLOGIA,0,Reprovado por Falta,307861742,2011.1
11124100,0,2011.1,1105301,UNID. ACAD. DE ENGENHARIA MECÂNICA,8,Aprovado,307861706,2011.1
11124100,0,2011.1,1109035,UNID. ACAD. DE MATEMÁTICA,7.5,Aprovado,307861706,2011.1
11124100,0,2011.1,1105155,UNID. ACAD. DE ENGENHARIA DE PRODUÇÃO,9.1,Aprovado,307861706,2011.1
11124100,0,2011.1,1503070,UNID. ACAD. DE ENGENHARIA CIVIL,7.5,Aprovado,307861706,2011.1
11124100,0,2011.1,1305036,UNID. ACAD. DE SOCIOLOGIA E ANTROPOLOGIA,0,Reprovado por Falta,307861706,2011.1
11124100,0,2011.1,1107131,UNID. ACAD. DE ENGENHARIA QUÍMICA,8.6,Aprovado,307861706,2011.1
11124100,0,2011.1,1109050,UNID. ACAD. DE MATEMÁTICA,7,Aprovado,307861706,2011.1
